name,doresal/ventral,anterior/posterior,left/right,sex,sub/family,genus,species,subspecies,name,area,ellipse_axe_2_length,max_axe_2_length,deviation_max_axe_2_from_center,axe_2_moment_2,axe_2_moment_3,axe_2_moment_4,std_axe_2_moment_2,std_axe_2_moment_3,std_axe_2_moment_4
JM00.0001,d,Ant,d,f,Heliconiinae,Heliconius,numata,elegans,JM00.0001-d_Ant_d,892614.0,748.3259,822.0,-12.5148,156330967127.0,82642622857155.0,4.73115510209372e+16,0.50912,0.55035,0.58372
JM00.0018,d,Ant,g,f,Heliconiinae,Heliconius,numata,elegans,JM00.0018-d_Ant_g,963467.0,760.4467,841.0,2.9591,172400946269.0,92399910258465.0,5.36971366809305e+16,0.5029899999999999,0.54427,0.5777399999999999
JM02.0107,d,Ant,d,f,Ithomiinae,Melinaea,marsaeus,phasiana,JM02.0107-d_Ant_d,982135.0,804.4745,886.0,11.1009,196679648563.0,111642675191401.0,6.88012563528455e+16,0.50508,0.54675,0.5806600000000001
JM02.0107,d,Ant,g,f,Ithomiinae,Melinaea,marsaeus,phasiana,JM02.0107-d_Ant_g,986287.0,803.7129,888.0,31.2876,197271078904.0,111938650733078.0,6.90002161276785e+16,0.50364,0.54523,0.57916
JM02.0107,v,Ant,d,f,Ithomiinae,Melinaea,marsaeus,phasiana,JM02.0107-v_Ant_d,987879.0,805.2907,889.0,34.1231,197890668769.0,112439938711065.0,6.94111123643034e+16,0.50345,0.54513,0.57913
JM02.0107,v,Ant,g,f,Ithomiinae,Melinaea,marsaeus,phasiana,JM02.0107-v_Ant_g,984116.0,805.7439,887.0,18.081,197198148912.0,112035733920228.0,6.9118684235841e+16,0.50467,0.5464,0.58038
JM02.0108,d,Ant,d,f,Ithomiinae,Melinaea,marsaeus,phasiana,JM02.0108-d_Ant_d,1099676.0,850.5435,932.0,-20.31,240163532805.0,143330621532359.0,9.30722124924606e+16,0.50142,0.54401,0.57873
JM02.0108,d,Ant,g,f,Ithomiinae,Melinaea,marsaeus,phasiana,JM02.0108-d_Ant_g,1101088.0,853.5465,939.0,-6.0863,244282585505.0,146572320403753.0,9.55892577493495e+16,0.50161,0.54376,0.57807
JM02.0108,v,Ant,d,f,Ithomiinae,Melinaea,marsaeus,phasiana,JM02.0108-v_Ant_d,1100244.0,852.5786,937.0,-10.5087,243449103279.0,145843807580955.0,9.49420361170872e+16,0.50202,0.5441600000000001,0.57843
JM02.0108,v,Ant,g,f,Ithomiinae,Melinaea,marsaeus,phasiana,JM02.0108-v_Ant_g,1099807.0,849.9071,932.0,-19.6633,239497633643.0,142759353180497.0,9.258962776844e+16,0.5007,0.54327,0.57796
JM02.0153,d,Ant,d,f,Ithomiinae,Melinaea,marsaeus,phasiana,JM02.0153-d_Ant_d,978258.0,792.9055,866.0,19.6925,189628820856.0,105809665765272.0,6.3977938820193e+16,0.5084,0.55018,0.58395
JM02.0153,d,Ant,g,f,Ithomiinae,Melinaea,marsaeus,phasiana,JM02.0153-d_Ant_g,987711.0,780.5066,856.0,13.7026,187937852306.0,103587394770018.0,6.18322630973472e+16,0.50959,0.55092,0.58435
JM02.0153,v,Ant,d,f,Ithomiinae,Melinaea,marsaeus,phasiana,JM02.0153-v_Ant_d,989435.0,781.5425,858.0,-6.5764,188562867033.0,104029484278331.0,6.2154766821227e+16,0.5088,0.55009,0.58349
JM02.0153,v,Ant,g,f,Ithomiinae,Melinaea,marsaeus,phasiana,JM02.0153-v_Ant_g,980367.0,793.2705,866.0,-1.376,190121535507.0,106122925696391.0,6.41928535676116e+16,0.50851,0.55033,0.58413
JM02.0156,d,Ant,d,f,Ithomiinae,Melinaea,marsaeus,phasiana,JM02.0156-d_Ant_d,978946.0,790.056,863.0,11.1947,186784280167.0,103645619264429.0,6.23944123969917e+16,0.50615,0.54818,0.58222
JM02.0156,d,Ant,g,f,Ithomiinae,Melinaea,marsaeus,phasiana,JM02.0156-d_Ant_g,975820.0,787.3398,866.0,37.1747,189023230054.0,105174395484326.0,6.34108023705383e+16,0.50822,0.5495399999999999,0.58302
JM02.0156,v,Ant,d,f,Ithomiinae,Melinaea,marsaeus,phasiana,JM02.0156-v_Ant_d,973499.0,787.5757,865.0,17.8313,188855375818.0,105143110116224.0,6.34202947127621e+16,0.5091899999999999,0.55055,0.58406
JM02.0156,v,Ant,g,f,Ithomiinae,Melinaea,marsaeus,phasiana,JM02.0156-v_Ant_g,979455.0,789.7999,861.0,13.1904,186891776392.0,103702766276574.0,6.24269631789974e+16,0.50734,0.5494600000000001,0.58357
JM02.0377,d,Ant,d,f,Ithomiinae,Melinaea,marsaeus,mothone,JM02.0377-d_Ant_d,1063042.0,817.6772,898.0,36.084,215133426161.0,123435842644897.0,7.70109640661002e+16,0.5009600000000001,0.54328,0.57773
JM02.0377,d,Ant,g,f,Ithomiinae,Melinaea,marsaeus,mothone,JM02.0377-d_Ant_g,714136.0,564.2176,663.0,88.9929,74197283011.0,29931654488009.0,1.30713730200102e+16,0.48617,0.52393,0.55478
JM02.0377,v,Ant,d,f,Ithomiinae,Melinaea,marsaeus,mothone,JM02.0377-v_Ant_d,714783.0,563.7130000000001,660.0,89.5404,74029120127.0,29812661474139.0,1.29910991910008e+16,0.48761000000000004,0.52545,0.55632
JM02.0377,v,Ant,g,f,Ithomiinae,Melinaea,marsaeus,mothone,JM02.0377-v_Ant_g,1067485.0,820.934,904.0,15.8518,217460773537.0,125269186915545.0,7.85013630151061e+16,0.49928,0.5415800000000001,0.57605
JM02.0378,d,Ant,d,f,Ithomiinae,Melinaea,marsaeus,mothone,JM02.0378-d_Ant_d,1116539.0,835.2734,926.0,63.5764,242155879560.0,143040040794058.0,9.17839492560757e+16,0.50292,0.5444,0.57825
JM02.0378,d,Ant,g,f,Ithomiinae,Melinaea,marsaeus,mothone,JM02.0378-d_Ant_g,1106464.0,834.6437,925.0,-7.6142,239131976747.0,141017938106719.0,9.03101624488855e+16,0.50258,0.54405,0.5778399999999999
JM02.0378,v,Ant,d,f,Ithomiinae,Melinaea,marsaeus,mothone,JM02.0378-v_Ant_d,1108634.0,836.3579,926.0,-5.4761,240584752056.0,142185307750424.0,9.126819472921e+16,0.50307,0.5446,0.5784600000000001
JM02.0378,v,Ant,g,f,Ithomiinae,Melinaea,marsaeus,mothone,JM02.0378-v_Ant_g,1115047.0,834.1205,924.0,54.8185,241448931998.0,142479983409194.0,9.13313554958399e+16,0.50361,0.54511,0.57897
JM02.0382,d,Ant,d,f,Ithomiinae,Melinaea,marsaeus,mothone,JM02.0382-d_Ant_d,1098648.0,818.2069,910.0,27.1554,228568587536.0,132124182597570.0,8.29225688124476e+16,0.5012300000000001,0.54242,0.57599
JM02.0382,d,Ant,g,f,Ithomiinae,Melinaea,marsaeus,mothone,JM02.0382-d_Ant_g,1083691.0,816.3997,915.0,-4.9808,227129165048.0,131579990354628.0,8.28046909975143e+16,0.50034,0.54118,0.5746
JM02.0382,v,Ant,d,f,Ithomiinae,Melinaea,marsaeus,mothone,JM02.0382-v_Ant_d,1084433.0,816.5202,914.0,-5.3439,226761821391.0,131281950136969.0,8.25694740452001e+16,0.50031,0.5412399999999999,0.57472
JM02.0382,v,Ant,g,f,Ithomiinae,Melinaea,marsaeus,mothone,JM02.0382-v_Ant_g,1098017.0,817.0824,909.0,30.2584,227318502305.0,131123044515085.0,8.21198828214868e+16,0.50055,0.54174,0.5753
JM02.0383,d,Ant,d,f,Ithomiinae,Melinaea,marsaeus,mothone,JM02.0383-d_Ant_d,1249472.0,883.4195,967.0,47.8768,296210518560.0,183757242360510.0,1.23843151780068e+17,0.50351,0.54586,0.58024
JM02.0383,d,Ant,g,f,Ithomiinae,Melinaea,marsaeus,mothone,JM02.0383-d_Ant_g,1244779.0,883.043,961.0,-13.7574,295730025925.0,183570226145629.0,1.23777995833297e+17,0.5072,0.54977,0.58434
JM02.0383,v,Ant,d,f,Ithomiinae,Melinaea,marsaeus,mothone,JM02.0383-v_Ant_d,1245712.0,882.9877,960.0,9.5715,295593047126.0,183409846875114.0,1.23622086469764e+17,0.50742,0.55004,0.58465
JM02.0383,v,Ant,g,f,Ithomiinae,Melinaea,marsaeus,mothone,JM02.0383-v_Ant_g,1248895.0,883.2218,964.0,45.6865,296240640686.0,183797114368842.0,1.23883775940704e+17,0.50522,0.5476800000000001,0.58216
JM02.0414,d,Ant,d,f,Ithomiinae,Melinaea,marsaeus,phasiana,JM02.0414-d_Ant_d,919294.0,769.5098,846.0,3.7505,167541744417.0,90775761344099.0,5.33666174329453e+16,0.50462,0.54635,0.58021
JM02.0414,d,Ant,g,f,Ithomiinae,Melinaea,marsaeus,phasiana,JM02.0414-d_Ant_g,920699.0,760.7735,839.0,28.2456,164607488287.0,88222280672331.0,5.12933067998313e+16,0.50397,0.5454100000000001,0.57906
JM02.0414,v,Ant,d,f,Ithomiinae,Melinaea,marsaeus,phasiana,JM02.0414-v_Ant_d,920806.0,760.9547,840.0,23.0297,164067775721.0,87840884767585.0,5.10214911935578e+16,0.50251,0.54396,0.5775899999999999
JM02.0414,v,Ant,g,f,Ithomiinae,Melinaea,marsaeus,phasiana,JM02.0414-v_Ant_g,920613.0,769.1403,846.0,5.0996,168906543153.0,91691830611905.0,5.4000232167086e+16,0.50631,0.54792,0.5817100000000001
JM02.0674,d,Ant,d,f,Ithomiinae,Melinaea,marsaeus,mothone,JM02.0674-d_Ant_d,1108776.0,837.5281,920.0,-19.4399,236146877535.0,138740609025099.0,8.84983834774441e+16,0.50163,0.54367,0.5777399999999999
JM02.0674,d,Ant,g,f,Ithomiinae,Melinaea,marsaeus,mothone,JM02.0674-d_Ant_g,1117064.0,835.4348,916.0,13.8988,236446597688.0,138471556623862.0,8.80340584537418e+16,0.50226,0.54433,0.57843
JM02.0674,v,Ant,d,f,Ithomiinae,Melinaea,marsaeus,mothone,JM02.0674-v_Ant_d,1116476.0,834.7827,914.0,17.3783,236704667984.0,138641618802524.0,8.81404703550489e+16,0.5037699999999999,0.54584,0.57994
JM02.0674,v,Ant,g,f,Ithomiinae,Melinaea,marsaeus,mothone,JM02.0674-v_Ant_g,1108915.0,836.8517,919.0,-16.3349,236903849500.0,139267071207816.0,8.88700079025395e+16,0.50295,0.54492,0.57896
JM02.0675,d,Ant,d, ,Ithomiinae,Melinaea,marsaeus,mothone,JM02.0675-d_Ant_d,1073927.0,797.21,862.0,-58.1349,202610726640.0,112587132174498.0,6.78971334549132e+16,0.50389,0.54701,0.58172
JM02.0675,d,Ant,g, ,Ithomiinae,Melinaea,marsaeus,mothone,JM02.0675-d_Ant_g,1089652.0,826.2957,904.0,-64.5934,215127021734.0,123264386008270.0,7.69159412449871e+16,0.49151000000000006,0.53499,0.57018
JM02.0675,v,Ant,d, ,Ithomiinae,Melinaea,marsaeus,mothone,JM02.0675-v_Ant_d,1090526.0,826.9662,905.0,-66.7822,216411744344.0,124235745282438.0,7.76594516911331e+16,0.49223999999999996,0.53566,0.57081
JM02.0675,v,Ant,g, ,Ithomiinae,Melinaea,marsaeus,mothone,JM02.0675-v_Ant_g,1073100.0,796.6858,862.0,-58.4482,202659177288.0,112615953515302.0,6.79109497967825e+16,0.50415,0.5472,0.58186
JM02.0684,d,Ant,d,f,Ithomiinae,Melinaea,marsaeus,mothone,JM02.0684-d_Ant_d,1144062.0,842.9465,943.0,-9.6248,250176772787.0,148797884807033.0,9.62666105701588e+16,0.49588999999999994,0.53728,0.57114
JM02.0684,d,Ant,g,f,Ithomiinae,Melinaea,marsaeus,mothone,JM02.0684-d_Ant_g,1138059.0,840.3665,935.0,0.5573199999999999,241783116734.0,142376780968350.0,9.12627207490636e+16,0.49296999999999996,0.53491,0.56914
JM02.0684,v,Ant,d,f,Ithomiinae,Melinaea,marsaeus,mothone,JM02.0684-v_Ant_d,1138655.0,841.0647,935.0,-11.6489,242184294048.0,142717552797930.0,9.15545079612661e+16,0.49325,0.5352399999999999,0.56952
JM02.0684,v,Ant,g,f,Ithomiinae,Melinaea,marsaeus,mothone,JM02.0684-v_Ant_g,1146032.0,843.5338,943.0,4.3439,250704210993.0,149193052111279.0,9.65903788962378e+16,0.49599,0.53745,0.57138
JM02.0685,d,Ant,d,f,Ithomiinae,Melinaea,marsaeus,mothone,JM02.0685-d_Ant_d,1077807.0,818.1634,892.0,17.9726,219163697958.0,125714957878962.0,7.82353130256622e+16,0.50553,0.54775,0.5819
JM02.0685,d,Ant,g,f,Ithomiinae,Melinaea,marsaeus,mothone,JM02.0685-d_Ant_g,1066441.0,813.0155,890.0,46.6972,215659122592.0,123102312282480.0,7.61773172929669e+16,0.50527,0.54708,0.58087
JM02.0685,v,Ant,d,f,Ithomiinae,Melinaea,marsaeus,mothone,JM02.0685-v_Ant_d,1070718.0,814.3710000000001,892.0,35.9968,217282155149.0,124236091857587.0,7.70005989321722e+16,0.50502,0.5468,0.58055
JM02.0685,v,Ant,g,f,Ithomiinae,Melinaea,marsaeus,mothone,JM02.0685-v_Ant_g,1077765.0,818.8487,895.0,17.0257,219177314581.0,125781952977113.0,7.8327341283505e+16,0.5038600000000001,0.54602,0.58013
JM02.0686,d,Ant,d,f,Ithomiinae,Melinaea,marsaeus,mothone,JM02.0686-d_Ant_d,1109642.0,833.2810000000001,921.0,16.137,237117196491.0,139419654537371.0,8.91204704824211e+16,0.50192,0.54382,0.57801
JM02.0686,d,Ant,g,f,Ithomiinae,Melinaea,marsaeus,mothone,JM02.0686-d_Ant_g,1117276.0,842.3155,932.0,27.6992,240228152024.0,142015375255842.0,9.12697997518343e+16,0.49753000000000003,0.5394800000000001,0.57362
JM02.0686,v,Ant,d,f,Ithomiinae,Melinaea,marsaeus,mothone,JM02.0686-v_Ant_d,1115122.0,841.5898,931.0,6.5123,239848564634.0,141735254075500.0,9.10361664200747e+16,0.49815,0.54005,0.57415
JM02.0686,v,Ant,g,f,Ithomiinae,Melinaea,marsaeus,mothone,JM02.0686-v_Ant_g,1108348.0,832.7195,920.0,17.2051,236738200639.0,139140870342371.0,8.8904918359725e+16,0.50235,0.5442600000000001,0.5784600000000001
JM02.0687,d,Ant,d,m,Ithomiinae,Melinaea,marsaeus,mothone,JM02.0687-d_Ant_d,1165688.0,839.0789,935.0,-68.4536,247496883231.0,146105010058101.0,9.40687588513519e+16,0.49281,0.5352399999999999,0.57004
JM02.0687,d,Ant,g,m,Ithomiinae,Melinaea,marsaeus,mothone,JM02.0687-d_Ant_g,1158404.0,844.2294,935.0,-46.9961,244250302291.0,144324720100093.0,9.30788912991957e+16,0.49111000000000005,0.53417,0.56942
JM02.0687,v,Ant,d,m,Ithomiinae,Melinaea,marsaeus,mothone,JM02.0687-v_Ant_d,1159707.0,844.3191,936.0,-49.2225,245698028517.0,145407061426929.0,9.39198396347217e+16,0.49176000000000003,0.53473,0.56994
JM02.0687,v,Ant,g,m,Ithomiinae,Melinaea,marsaeus,mothone,JM02.0687-v_Ant_g,1167224.0,838.6464,934.0,-70.7244,246105982180.0,144947308385880.0,9.31216108957972e+16,0.49163,0.5341600000000001,0.56902
JM02.0982,d,Ant,d,m,Ithomiinae,Melinaea,marsaeus,mothone,JM02.0982-d_Ant_d,1210199.0,850.8289,934.0,-42.3572,263333222633.0,156880029483285.0,1.01587455600715e+17,0.49943000000000004,0.54186,0.5763
JM02.0982,d,Ant,g,m,Ithomiinae,Melinaea,marsaeus,mothone,JM02.0982-d_Ant_g,1204048.0,847.2389,935.0,-58.5999,269860042081.0,161949229291199.0,1.05535170809103e+17,0.5063300000000001,0.54798,0.58194
JM02.0982,v,Ant,d,m,Ithomiinae,Melinaea,marsaeus,mothone,JM02.0982-v_Ant_d,1203598.0,846.6679,936.0,-55.8059,269903532287.0,161961311593739.0,1.05530520430143e+17,0.50593,0.54748,0.58136
JM02.0982,v,Ant,g,m,Ithomiinae,Melinaea,marsaeus,mothone,JM02.0982-v_Ant_g,1211277.0,849.7702,934.0,-42.7292,261804924016.0,155561283756194.0,1.00475372710149e+17,0.49776000000000004,0.54018,0.5745899999999999
JM02.0983,d,Ant,d,f,Ithomiinae,Melinaea,marsaeus,mothone,JM02.0983-d_Ant_d,884626.0,728.8134,802.0,8.5266,143563898739.0,73496905997833.0,4.08364614306659e+16,0.50231,0.54408,0.57796
JM02.0983,d,Ant,g,f,Ithomiinae,Melinaea,marsaeus,mothone,JM02.0983-d_Ant_g,886693.0,728.9702,800.0,56.1981,142864408598.0,73002404716912.0,4.04993214758712e+16,0.50175,0.54379,0.57787
JM02.0983,v,Ant,d,f,Ithomiinae,Melinaea,marsaeus,mothone,JM02.0983-v_Ant_d,888814.0,729.7168,801.0,53.5381,143075887641.0,73119884135409.0,4.05736862634412e+16,0.50089,0.54297,0.57707
JM02.0983,v,Ant,g,f,Ithomiinae,Melinaea,marsaeus,mothone,JM02.0983-v_Ant_g,886234.0,729.2956,803.0,22.1718,144113272506.0,73836655643732.0,4.10548193875684e+16,0.5021800000000001,0.54391,0.57775
JM02.1083,d,Ant,d,m,Ithomiinae,Melinaea,marsaeus,phasiana,JM02.1083-d_Ant_d,909947.0,742.1008,820.0,-38.4742,148781080530.0,77149078886324.0,4.35685968863701e+16,0.49312,0.53574,0.5704600000000001
JM02.1083,d,Ant,g,m,Ithomiinae,Melinaea,marsaeus,phasiana,JM02.1083-d_Ant_g,885066.0,725.546,808.0,0.9292299999999999,141221457750.0,71974318194058.0,3.98820288129016e+16,0.49437,0.5361899999999999,0.57022
JM02.1083,v,Ant,d,m,Ithomiinae,Melinaea,marsaeus,phasiana,JM02.1083-v_Ant_d,886231.0,725.3273,808.0,13.8325,140816881458.0,71658806372738.0,3.96457172681398e+16,0.49333999999999995,0.53518,0.56918
JM02.1083,v,Ant,g,m,Ithomiinae,Melinaea,marsaeus,phasiana,JM02.1083-v_Ant_g,909332.0,742.1787,819.0,-40.1524,148485158134.0,76978768622178.0,4.34694295670678e+16,0.4934,0.5361199999999999,0.57093
JM02.1084,d,Ant,d,m,Ithomiinae,Melinaea,marsaeus,phasiana,JM02.1084-d_Ant_d,964114.0,760.3646,824.0,-35.744,161602406245.0,85147694668057.0,4.88098765937465e+16,0.49686,0.54045,0.5756600000000001
JM02.1084,d,Ant,g,m,Ithomiinae,Melinaea,marsaeus,phasiana,JM02.1084-d_Ant_g,979155.0,769.0582,847.0,-17.3923,174799862094.0,94265640005200.0,5.52569695273538e+16,0.49883999999999995,0.5411100000000001,0.57544
JM02.1084,v,Ant,d,m,Ithomiinae,Melinaea,marsaeus,phasiana,JM02.1084-v_Ant_d,979255.0,770.0034,848.0,-20.0659,174657450134.0,94199499359696.0,5.52273121479589e+16,0.49801999999999996,0.54033,0.57467
JM02.1084,v,Ant,g,m,Ithomiinae,Melinaea,marsaeus,phasiana,JM02.1084-v_Ant_g,966179.0,762.5984,830.0,-28.6774,162793423658.0,86026727429350.0,4.94722724231542e+16,0.49455,0.5379999999999999,0.57312
JM02.1420,d,Ant,d,f,Ithomiinae,Melinaea,marsaeus,phasiana,JM02.1420-d_Ant_d,996185.0,802.4249,876.0,3.4592,198206769378.0,112027534782338.0,6.86402569089312e+16,0.5092,0.55101,0.58486
JM02.1420,d,Ant,g,f,Ithomiinae,Melinaea,marsaeus,phasiana,JM02.1420-d_Ant_g,980255.0,798.3004,875.0,21.182,194812531961.0,109944431567379.0,6.72891840703178e+16,0.50948,0.55115,0.58498
JM02.1420,v,Ant,d,f,Ithomiinae,Melinaea,marsaeus,phasiana,JM02.1420-v_Ant_d,981074.0,798.8096,877.0,19.7721,195366730127.0,110354140533935.0,6.75977379540118e+16,0.50883,0.55042,0.5842
JM02.1420,v,Ant,g,f,Ithomiinae,Melinaea,marsaeus,phasiana,JM02.1420-v_Ant_g,995942.0,803.8081,877.0,4.2926,198428711082.0,112300146556744.0,6.89190470402704e+16,0.5089600000000001,0.55087,0.5848300000000001
JM02.1537,d,Ant,d,m,Ithomiinae,Melinaea,marsaeus,phasiana,JM02.1537-d_Ant_d,948081.0,771.4749,854.0,15.0024,165638513667.0,89095990138809.0,5.22693226301737e+16,0.48944,0.53237,0.5674
JM02.1537,d,Ant,g,m,Ithomiinae,Melinaea,marsaeus,phasiana,JM02.1537-d_Ant_g,951592.0,779.6193,860.0,-17.414,170143607226.0,92478380392390.0,5.47817089704196e+16,0.49168,0.5346,0.56957
JM02.1537,v,Ant,d,m,Ithomiinae,Melinaea,marsaeus,phasiana,JM02.1537-v_Ant_d,951313.0,779.1918,857.0,-22.4601,169367093688.0,91913503172960.0,5.436429196348e+16,0.49235,0.5354300000000001,0.5705100000000001
JM02.1537,v,Ant,g,m,Ithomiinae,Melinaea,marsaeus,phasiana,JM02.1537-v_Ant_g,950774.0,772.5674,855.0,16.0217,166203189071.0,89470514905635.0,5.25409528783366e+16,0.48901000000000006,0.53199,0.56707
JM02.1538,d,Ant,d,m,Ithomiinae,Melinaea,marsaeus,phasiana,JM02.1538-d_Ant_d,923283.0,767.8425,854.0,-35.6092,163455024037.0,88186687935923.0,5.18969374731026e+16,0.49268999999999996,0.5352600000000001,0.57016
JM02.1538,d,Ant,g,m,Ithomiinae,Melinaea,marsaeus,phasiana,JM02.1538-d_Ant_g,924336.0,770.4106,862.0,-7.042000000000001,164871742573.0,89253924046349.0,5.2709464416641e+16,0.48995,0.53222,0.5669
JM02.1538,v,Ant,d,m,Ithomiinae,Melinaea,marsaeus,phasiana,JM02.1538-v_Ant_d,925947.0,771.1194,862.0,-7.5491,165595612166.0,89746515626088.0,5.30569798943333e+16,0.4906,0.53289,0.5675899999999999
JM02.1538,v,Ant,g,m,Ithomiinae,Melinaea,marsaeus,phasiana,JM02.1538-v_Ant_g,924935.0,769.0558,858.0,-36.7092,164628511981.0,89032822477533.0,5.25275966018608e+16,0.49171000000000004,0.53414,0.56896
JM02.1539,d,Ant,d,m,Ithomiinae,Melinaea,marsaeus,phasiana,JM02.1539-d_Ant_d,952140.0,774.203,856.0,-22.4272,173367042412.0,94488578528566.0,5.60756466674107e+16,0.49849,0.54086,0.5755
JM02.1539,d,Ant,g,m,Ithomiinae,Melinaea,marsaeus,phasiana,JM02.1539-d_Ant_g,957581.0,784.4896,865.0,-27.9603,175703954895.0,96438081532335.0,5.7660974088496e+16,0.49521000000000004,0.53787,0.57268
JM02.1539,v,Ant,d,m,Ithomiinae,Melinaea,marsaeus,phasiana,JM02.1539-v_Ant_d,945840.0,775.8417,862.0,-8.9493,171290534968.0,93171316749862.0,5.51816209955772e+16,0.49368999999999996,0.53577,0.57015
JM02.1539,v,Ant,g,m,Ithomiinae,Melinaea,marsaeus,phasiana,JM02.1539-v_Ant_g,953102.0,774.4198,856.0,-21.1149,173314149616.0,94428559136654.0,5.60224474375987e+16,0.49817,0.54056,0.57522
JM02.1734,d,Ant,d,m,Ithomiinae,Melinaea,marsaeus,mothone,JM02.1734-d_Ant_d,985494.0,768.3079,855.0,-15.9885,172587607832.0,92655577755438.0,5.41946435046002e+16,0.48945,0.53183,0.56638
JM02.1734,d,Ant,g,m,Ithomiinae,Melinaea,marsaeus,mothone,JM02.1734-d_Ant_g,978320.0,763.0058,849.0,-35.7778,170674126057.0,91254319432585.0,5.3132202002281e+16,0.49196999999999996,0.53417,0.5686100000000001
JM02.1734,v,Ant,d,m,Ithomiinae,Melinaea,marsaeus,mothone,JM02.1734-v_Ant_d,979680.0,763.6953,849.0,-40.433,171478306098.0,91803627809526.0,5.35160895569003e+16,0.49278,0.535,0.56943
JM02.1734,v,Ant,g,m,Ithomiinae,Melinaea,marsaeus,mothone,JM02.1734-v_Ant_g,985497.0,767.8086,854.0,-21.6135,173023199546.0,92924012138202.0,5.43613739713207e+16,0.49063999999999997,0.5329699999999999,0.56748
JM02.1942,d,Ant,d,m,Ithomiinae,Melinaea,marsaeus,phasiana,JM02.1942-d_Ant_d,995859.0,793.414,882.0,-21.5293,191678330116.0,107119208226840.0,6.51148954809724e+16,0.49742,0.5392100000000001,0.57333
JM02.1942,d,Ant,g,m,Ithomiinae,Melinaea,marsaeus,phasiana,JM02.1942-d_Ant_g,666848.0,580.5168,527.0,153.4414,85530253297.0,37002145246829.0,1.7043541085477e+16,0.67957,0.72375,0.7587
JM02.1942,v,Ant,d,m,Ithomiinae,Melinaea,marsaeus,phasiana,JM02.1942-v_Ant_d,667593.0,580.3698,528.0,151.6081,86444285542.0,37516689181182.0,1.7330544380123e+16,0.68152,0.72544,0.76022
JM02.1942,v,Ant,g,m,Ithomiinae,Melinaea,marsaeus,phasiana,JM02.1942-v_Ant_g,996792.0,793.4043,882.0,-21.5771,191147460080.0,106694329514182.0,6.47840647631825e+16,0.49649,0.53832,0.5724600000000001
JM02.2055,d,Ant,d,m,Ithomiinae,Melinaea,marsaeus,phasiana,JM02.2055-d_Ant_d,1001362.0,784.2289,863.0,-38.1917,183866969613.0,100803797508969.0,6.009033154771e+16,0.49653,0.53904,0.5735100000000001
JM02.2055,d,Ant,g,m,Ithomiinae,Melinaea,marsaeus,phasiana,JM02.2055-d_Ant_g,1012996.0,798.6605,883.0,-42.7299,194900452607.0,109107920764743.0,6.6387666780677e+16,0.49675,0.53883,0.57301
JM02.2055,v,Ant,d,m,Ithomiinae,Melinaea,marsaeus,phasiana,JM02.2055-v_Ant_d,1014086.0,799.373,884.0,18.4458,195833242750.0,109797590306116.0,6.69045097594323e+16,0.49711000000000005,0.5391600000000001,0.57331
JM02.2055,v,Ant,g,m,Ithomiinae,Melinaea,marsaeus,phasiana,JM02.2055-v_Ant_g,1001759.0,784.0572,862.0,-37.1816,183161962115.0,100268931753155.0,5.96840895768228e+16,0.49605,0.53863,0.57315
JM02.2140,d,Ant,d,f,Ithomiinae,Melinaea,marsaeus,mothone,JM02.2140-d_Ant_d,1285140.0,878.5253,967.0,8.05,301559717004.0,185968808731804.0,1.24568788453126e+17,0.5009399999999999,0.54292,0.57702
JM02.2140,d,Ant,g,f,Ithomiinae,Melinaea,marsaeus,mothone,JM02.2140-d_Ant_g,1298045.0,881.6457,981.0,0.76407,311002197061.0,193381864791935.0,1.30685519660121e+17,0.49896,0.5403899999999999,0.5742
JM02.2140,v,Ant,d,f,Ithomiinae,Melinaea,marsaeus,mothone,JM02.2140-v_Ant_d,1303017.0,882.5556,982.0,-0.56365,312681300415.0,194548343910901.0,1.31529101966855e+17,0.49883999999999995,0.54023,0.57399
JM02.2140,v,Ant,g,f,Ithomiinae,Melinaea,marsaeus,mothone,JM02.2140-v_Ant_g,1289221.0,879.7544,966.0,6.9384,302801967672.0,186855904863090.0,1.25231555831212e+17,0.50169,0.54377,0.57792
JM02.3356,d,Ant,d,f,Ithomiinae,Melinaea,marsaeus,mothone,JM02.3356-d_Ant_d,1008918.0,791.2427,866.0,14.163,191881563323.0,106777010913373.0,6.46450435476841e+16,0.50358,0.5462100000000001,0.58097
JM02.3356,d,Ant,g,f,Ithomiinae,Melinaea,marsaeus,mothone,JM02.3356-d_Ant_g,963752.0,753.7085,820.0,-16.2934,168417099102.0,89160800839448.0,5.10724437523655e+16,0.5098,0.55156,0.58512
JM02.3356,v,Ant,d,f,Ithomiinae,Melinaea,marsaeus,mothone,JM02.3356-v_Ant_d,960957.0,753.1862,820.0,-16.6114,167356060607.0,88483419675713.0,5.06197908439771e+16,0.50893,0.55069,0.58424
JM02.3356,v,Ant,g,f,Ithomiinae,Melinaea,marsaeus,mothone,JM02.3356-v_Ant_g,1007381.0,790.7468,868.0,-5.5417,191318454091.0,106406902180255.0,6.43971632412854e+16,0.50207,0.54459,0.57929
JM02.3560,d,Ant,d,m,Ithomiinae,Melinaea,marsaeus,mothone,JM02.3560-d_Ant_d,493018.0,355.7309,416.0,36.2615,27880813800.0,7851712300982.0,2357865306190040.0,0.57165,0.6047899999999999,0.63215
JM02.3560,d,Ant,g,m,Ithomiinae,Melinaea,marsaeus,mothone,JM02.3560-d_Ant_g,1042564.0,801.3813,886.0,-7.8028,198486658898.0,111126363003012.0,6.7744121153536e+16,0.49246999999999996,0.53514,0.56985
JM02.3560,v,Ant,d,m,Ithomiinae,Melinaea,marsaeus,mothone,JM02.3560-v_Ant_d,1043911.0,801.9289,886.0,-10.8483,198843545700.0,111370663095172.0,6.79204777940866e+16,0.4926,0.5353100000000001,0.57003
JM02.3560,v,Ant,g,m,Ithomiinae,Melinaea,marsaeus,mothone,JM02.3560-v_Ant_g,498776.0,355.9227,406.0,28.6994,27679725349.0,7742108748869.0,2308054357704090.0,0.58023,0.61441,0.64241
JM04.0139,d,Ant,d,m,NA,Melinaea,marsaeus,phasiana,JM04.0139-d_Ant_d,911044.0,753.3331,827.0,-65.6152,152000994918.0,79847489483146.0,4.57174942958098e+16,0.49391,0.5371199999999999,0.57231
JM04.0139,d,Ant,g,m,NA,Melinaea,marsaeus,phasiana,JM04.0139-d_Ant_g,894086.0,746.2188,824.0,-13.6778,147326396557.0,76804746649171.0,4.36489562557362e+16,0.49263,0.5354800000000001,0.5704600000000001
JM04.0139,v,Ant,d,m,NA,Melinaea,marsaeus,phasiana,JM04.0139-v_Ant_d,895504.0,748.2586,825.0,-16.9747,147916083002.0,77248664592474.0,4.39780344637458e+16,0.49263,0.5355800000000001,0.5706100000000001
JM04.0139,v,Ant,g,m,NA,Melinaea,marsaeus,phasiana,JM04.0139-v_Ant_g,911436.0,753.2957,829.0,-29.169,151792528595.0,79695497006399.0,4.56122044793547e+16,0.49227,0.5354,0.5705399999999999
JM09.0035,d,Ant,d,f,Heliconiinae,Heliconius,numata,elegans/arcuella,JM09.0035-d_Ant_d,1062423.0,821.2429,891.0,2.4679,218551803735.0,125688455476261.0,7.8212857654769e+16,0.5090399999999999,0.55096,0.5846100000000001
JM09.0097,d,Ant,d,m,Heliconiinae,Heliconius,numata,elegans,JM09.0097-d_Ant_d,855553.0,716.3965,771.0,-62.1539,134035783361.0,67366884253933.0,3.66531903079564e+16,0.51337,0.55592,0.59008
JM09.0248,d,Ant,g,f,Heliconiinae,Heliconius,numata,elegans,JM09.0248-d_Ant_g,989499.0,789.2218,864.0,-4.2769,192233456136.0,107054380778984.0,6.4531458973969e+16,0.5101399999999999,0.5515,0.5848899999999999
JM09.0359,d,Ant,g,f,Heliconiinae,Heliconius,numata,elegans/arcuella f. seraphion,JM09.0359-d_Ant_g,902258.0,752.6962,823.0,-13.0105,159421633938.0,84683766992872.0,4.87120161982254e+16,0.51075,0.55219,0.5857
JM09.0362,d,Ant,g,m,Heliconiinae,Heliconius,numata,elegans,JM09.0362-d_Ant_g,1071278.0,821.0612,888.0,-78.6897,221325562097.0,127686709294745.0,7.97979213330847e+16,0.51186,0.5542,0.58831
MJ05.0004,d,Ant,d,m,Heliconiinae,Heliconius,numata,bicoloratus,MJ05.0004-d_Ant_d,1042002.0,803.1015,879.0,-15.2327,211287701552.0,120014278367590.0,7.37368161388932e+16,0.5122899999999999,0.55352,0.58677
MJ05.0005,d,Ant,g,m,Heliconiinae,Heliconius,numata,bicoloratus,MJ05.0005-d_Ant_g,1056220.0,823.6647,887.0,-60.7254,221092962046.0,128206924588950.0,8.05156703160871e+16,0.51581,0.55821,0.59239
MJ05.0006,d,Ant,g,m,Heliconiinae,Heliconius,numata,bicoloratus,MJ05.0006-d_Ant_g,865452.0,724.6755,796.0,-28.9878,141096828392.0,72089590917944.0,3.98882272907269e+16,0.50725,0.54865,0.58209
MJ05.0007,d,Ant,g,m,Heliconiinae,Heliconius,numata,bicoloratus,MJ05.0007-d_Ant_g,1124187.0,835.4775,895.0,-73.9408,235966094542.0,137656803591356.0,8.69589575258814e+16,0.5119,0.55483,0.58925
MJ05.0012,d,Ant,g,f,Heliconiinae,Heliconius,numata,bicoloratus,MJ05.0012-d_Ant_g,947305.0,772.1875,852.0,4.2021,178376159193.0,97668232723563.0,5.79519265101425e+16,0.50931,0.5503600000000001,0.58372
MJ05.0028,d,Ant,d,m,Heliconiinae,Heliconius,numata,bicoloratus,MJ05.0028-d_Ant_d,903706.0,742.6958,801.0,-44.9432,152729530637.0,79602357258057.0,4.49038732600198e+16,0.51323,0.55548,0.58943
MJ05.0029,d,Ant,d,m,Heliconiinae,Heliconius,numata,bicoloratus,MJ05.0029-d_Ant_d,1088268.0,810.5329,882.0,-40.0235,222173417830.0,126930222502052.0,7.84477119223855e+16,0.5122800000000001,0.55395,0.58748
MJ05.0030,d,Ant,g,f,Heliconiinae,Heliconius,numata,bicoloratus,MJ05.0030-d_Ant_g,881427.0,738.6551,810.0,-24.0662,146776593320.0,76140387119586.0,4.28592749437204e+16,0.50379,0.54575,0.5797399999999999
MJ05.0034,d,Ant,d,m,Heliconiinae,Heliconius,numata,bicoloratus,MJ05.0034-d_Ant_d,998779.0,796.0091,867.0,-51.7567,193480549749.0,108340938301171.0,6.5844496202812e+16,0.50765,0.55008,0.58444
MJ05.0061,d,Ant,d,m,Heliconiinae,Heliconius,numata,bicoloratus,MJ05.0061-d_Ant_d,1113236.0,848.7372,921.0,-62.3865,251427654634.0,150829487351334.0,9.78905804976783e+16,0.516,0.55766,0.59126
MJ05.0062,d,Ant,d,m,Heliconiinae,Heliconius,numata,bicoloratus,MJ05.0062-d_Ant_d,1102652.0,837.5042,902.0,-34.8008,231584011290.0,135576005534124.0,8.61366543046056e+16,0.50808,0.55128,0.58611
MJ05.0079,d,Ant,d,f,Heliconiinae,Heliconius,numata,bicoloratus,MJ05.0079-d_Ant_d,1164841.0,878.4527,959.0,-32.2636,276739664239.0,171304016339793.0,1.1505011210392e+17,0.50826,0.5504,0.58457
MJ05.0120,d,Ant,g,f,Heliconiinae,Heliconius,numata,arcuella,MJ05.0120-d_Ant_g,1134116.0,851.1996,925.0,-44.6584,249954557284.0,149468226647730.0,9.71011455949118e+16,0.50753,0.55016,0.5847899999999999
MJ05.0124,d,Ant,g,m,Heliconiinae,Heliconius,numata,silvana,MJ05.0124-d_Ant_g,946526.0,752.7291,823.0,-33.0168,166500555865.0,88415981800177.0,5.0871342412592e+16,0.50961,0.5513100000000001,0.58504
MJ05.0128,d,Ant,d,m,Heliconiinae,Heliconius,numata,arcuella,MJ05.0128-d_Ant_d,974364.0,783.8269,826.0,-72.9366,179413215889.0,97941211477293.0,5.78028127026982e+16,0.5195,0.5629,0.59748
MJ05.0129,d,Ant,g,m,Heliconiinae,Heliconius,numata,silvana,MJ05.0129-d_Ant_g,1171794.0,833.4608,906.0,-45.3923,250951364477.0,147100955359207.0,9.33062984059811e+16,0.51079,0.55266,0.58632
MJ05.0183,d,Ant,g,m,Heliconiinae,Heliconius,numata,silvana,MJ05.0183-d_Ant_g,997773.0,769.062,835.0,-59.6511,178287319291.0,95803108462981.0,5.5725861507413e+16,0.5062399999999999,0.5484,0.5822
MJ05.0184,d,Ant,d,m,Heliconiinae,Heliconius,numata,silvana,MJ05.0184-d_Ant_d,1018734.0,783.9039,852.0,-19.1612,187003295786.0,102175016501088.0,6.05201663637085e+16,0.5028699999999999,0.54532,0.5794600000000001
MJ05.0203,d,Ant,d,m,Heliconiinae,Heliconius,numata,aurora,MJ05.0203-d_Ant_d,990752.0,786.3951,852.0,-43.5677,189287455360.0,104757404826178.0,6.27576613265115e+16,0.51303,0.55501,0.58882
MJ05.0205,d,Ant,d,m,Heliconiinae,Heliconius,numata,silvana,MJ05.0205-d_Ant_d,1150416.0,839.7413,918.0,-70.6361,248301469817.0,146492094406753.0,9.36481088879201e+16,0.50608,0.54804,0.58186
MJ05.0206,d,Ant,g,m,Heliconiinae,Heliconius,numata,aurora,MJ05.0206-d_Ant_g,1089595.0,822.3321,892.0,-63.9328,222825099314.0,128256765912710.0,8.00008423591668e+16,0.50697,0.54942,0.58357
MJ05.0231,d,Ant,g,f,Heliconiinae,Heliconius,numata,tarapotensis,MJ05.0231-d_Ant_g,966872.0,776.5785,853.0,-33.1651,176791171272.0,96306302281086.0,5.69750622960111e+16,0.5013,0.54343,0.5776
MJ05.1091,d,Ant,g,f,Heliconiinae,Heliconius ,numata,bicoloratus,MJ05.1091-d_Ant_g,1167886.0,862.9523,947.0,-6.5552,270668297848.0,165015522815464.0,1.09125806314575e+17,0.50836,0.54999,0.58382
MJ05.1115,d,Ant,d,f,Heliconiinae,Heliconius ,numata,bicoloratus,MJ05.1115-d_Ant_d,1172635.0,838.8309,913.0,43.4238,254874884925.0,150656161961013.0,9.6524534106916e+16,0.51064,0.5526800000000001,0.58668
MJ05.1116,d,Ant,d,f,Heliconiinae,Heliconius ,numata,bicoloratus,MJ05.1116-d_Ant_d,1053937.0,816.9057,901.0,-38.1385,215098824615.0,123635943362005.0,7.72131388964947e+16,0.5014,0.54332,0.5774199999999999
MJ05.1186,d,Ant,d,m,Heliconiinae,Heliconius ,numata,bicoloratus,MJ05.1186-d_Ant_d,1079881.0,794.3932,865.0,-25.0989,216181157757.0,121585680674985.0,7.38254474801439e+16,0.51726,0.55824,0.59114
MJ05.1206,d,Ant,g,f,Heliconiinae,Heliconius ,numata,aurora,MJ05.1206-d_Ant_g,1128381.0,845.5459,923.0,-20.833000000000002,251988908585.0,150540621165127.0,9.7400646100725e+16,0.51199,0.5536,0.58725
MJ05.1207,d,Ant,d,f,Heliconiinae,Heliconius ,numata,aurora,MJ05.1207-d_Ant_d,951544.0,788.5232,858.0,-38.0842,181637725737.0,100703994254369.0,6.05178618317436e+16,0.50922,0.5513,0.5853
MJ05.1240,d,Ant,d,m,Heliconiinae,Heliconius ,numata,silvana,MJ05.1240-d_Ant_d,1186182.0,882.2394,947.0,-67.6038,276444531169.0,170253283428857.0,1.1367292372125e+17,0.50977,0.55288,0.58753
MJ05.1241,d,Ant,d,f,Heliconiinae,Heliconius ,numata,silvana,MJ05.1241-d_Ant_d,935317.0,753.4228,836.0,-21.3758,161357652499.0,85394101514019.0,4.91162609294082e+16,0.49683,0.53862,0.5726100000000001
MJ05.1242,d,Ant,d,m,Heliconiinae,Heliconius ,numata,silvana,MJ05.1242-d_Ant_d,983405.0,780.31,846.0,-4.8915,184514854226.0,101310193457392.0,6.02149642457761e+16,0.5120100000000001,0.55412,0.58799
MJ05.1243,d,Ant,g,f,Heliconiinae,Heliconius ,numata,arcuella,MJ05.1243-d_Ant_g,995913.0,804.2015,881.0,-27.3529,194241363646.0,109500867334314.0,6.71134127457635e+16,0.5012800000000001,0.54378,0.57832
MJ05.1244,d,Ant,d,f,Heliconiinae,Heliconius ,numata,aurora,MJ05.1244-d_Ant_d,1084578.0,835.9552,915.0,-18.5251,233577470445.0,137476959529233.0,8.77505296435082e+16,0.50718,0.5489999999999999,0.5828800000000001
MJ05.1264,d,Ant,g,m,Heliconiinae,Heliconius ,numata,aurora,MJ05.1264-d_Ant_g,716753.0,669.5888,720.0,-75.7963,96089759990.0,44907601780852.0,2.27577205693689e+16,0.50854,0.5516300000000001,0.58628
MJ05.1265,d,Ant,d,f,Heliconiinae,Heliconius ,numata,aurora,MJ05.1265-d_Ant_d,987815.0,782.9133,849.0,-17.9889,188748936698.0,104230696697828.0,6.22744066366368e+16,0.5148699999999999,0.5565899999999999,0.5902
MJ05.1272,d,Ant,d,m,Heliconiinae,Heliconius ,numata,aurora,MJ05.1272-d_Ant_d,1007267.0,806.2202,872.0,-72.1051,200428228814.0,113489487011386.0,6.96094968824236e+16,0.51155,0.55389,0.5879800000000001
MJ05.1273,d,Ant,d,m,Heliconiinae,Heliconius ,numata,aurora,MJ05.1273-d_Ant_d,1015152.0,821.1617,888.0,51.0816,214076208732.0,123639311463866.0,7.70118437406428e+16,0.5171399999999999,0.55821,0.59101
MJ05.1278,d,Ant,d,m,Heliconiinae,Heliconius ,numata,silvana,MJ05.1278-d_Ant_d,980874.0,780.3763,856.0,-39.5728,188369403422.0,104015539255578.0,6.21064890142039e+16,0.51195,0.55295,0.58601
MJ05.1326,d,Ant,d,f,Heliconiinae,Heliconius ,numata,bicoloratus,MJ05.1326-d_Ant_d,1034946.0,814.1368,886.0,-7.2797,211887226936.0,121449995614688.0,7.54349320790092e+16,0.51069,0.5525800000000001,0.58645
MJ05.1349,d,Ant,g,f,Heliconiinae,Heliconius ,numata,bicoloratus,MJ05.1349-d_Ant_g,917051.0,749.1693,818.0,-7.4287,159258135968.0,83997703836376.0,4.79677690606513e+16,0.50945,0.55107,0.5846399999999999
MJ05.1360,d,Ant,d,f,Heliconiinae,Heliconius ,numata,tarapotensis,MJ05.1360-d_Ant_d,931825.0,770.4278,849.0,-6.8008,175336028965.0,95795516415795.0,5.66476782524188e+16,0.51093,0.55178,0.58486
MJ05.1361,v,Ant,d,f,Heliconiinae,Heliconius ,numata,tarapotensis,MJ05.1361-v_Ant_d,838671.0,701.4862,776.0,15.6355,129830276707.0,64338142780493.0,3.44767628699144e+16,0.50703,0.54756,0.58026
MJ05.1364,d,Ant,d,f,Heliconiinae,Heliconius ,numata,bicoloratus,MJ05.1364-d_Ant_d,866076.0,729.1105,794.0,-13.0507,142850125453.0,73369894480321.0,4.07955986146771e+16,0.5115,0.55314,0.5867399999999999
MJ05.1366,d,Ant,g,m,Heliconiinae,Heliconius ,numata,bicoloratus,MJ05.1366-d_Ant_g,951252.0,759.5517,822.0,-72.1875,168077276302.0,89767805881654.0,5.19535597014735e+16,0.51137,0.55386,0.58811
MJ07.0006,d,Ant,d,f,Ithomiinae,Melinaea,marsaeus,mothone,MJ07.0006-d_Ant_d,979080.0,769.1889,853.0,17.075,177398421380.0,96114894771266.0,5.6650154744451e+16,0.49901999999999996,0.54081,0.57497
MJ07.0006,d,Ant,g,f,Ithomiinae,Melinaea,marsaeus,mothone,MJ07.0006-d_Ant_g,983863.0,766.4996,850.0,16.2755,177105796538.0,95550257961732.0,5.60108586831945e+16,0.49915,0.54077,0.57467
MJ07.0006,v,Ant,d,f,Ithomiinae,Melinaea,marsaeus,mothone,MJ07.0006-v_Ant_d,985626.0,766.2452,850.0,12.5386,177209466546.0,95546973691816.0,5.59706805831502e+16,0.49885,0.5404399999999999,0.57431
MJ07.0006,v,Ant,g,f,Ithomiinae,Melinaea,marsaeus,mothone,MJ07.0006-v_Ant_g,988578.0,770.1144,854.0,9.6441,179536903562.0,97373353456364.0,5.74365916119458e+16,0.49901,0.54078,0.57489
MJ07.0328,d,Ant,d,f,Ithomiinae,Melinaea,marsaeus,phasiana,MJ07.0328-d_Ant_d,988449.0,803.3179,887.0,-9.4059,199800466171.0,113614683049113.0,7.00616640191745e+16,0.5068699999999999,0.54815,0.5817100000000001
MJ07.0328,d,Ant,g,f,Ithomiinae,Melinaea,marsaeus,phasiana,MJ07.0328-d_Ant_g,975301.0,798.6044,880.0,-15.7292,190695051042.0,107182396962834.0,6.54172258360583e+16,0.50248,0.5443100000000001,0.5783
MJ07.0328,v,Ant,d,f,Ithomiinae,Melinaea,marsaeus,phasiana,MJ07.0328-v_Ant_d,976944.0,798.5776,882.0,6.3359,191743207835.0,107888996899719.0,6.59102057030392e+16,0.50229,0.54396,0.5778300000000001
MJ07.0328,v,Ant,g,f,Ithomiinae,Melinaea,marsaeus,phasiana,MJ07.0328-v_Ant_g,987492.0,802.7902,886.0,-12.6256,198120746800.0,112365715022064.0,6.91235987218073e+16,0.50555,0.54693,0.58055
MJ07.0329,d,Ant,d,f,Ithomiinae,Melinaea,marsaeus,phasiana,MJ07.0329-d_Ant_d,922951.0,752.6193,836.0,1.9577,161015333017.0,85323899687599.0,4.90559378419976e+16,0.49962,0.54087,0.57434
MJ07.0329,d,Ant,g,f,Ithomiinae,Melinaea,marsaeus,phasiana,MJ07.0329-d_Ant_g,949945.0,772.465,845.0,-0.29345,174181351217.0,94740398283999.0,5.59475673709628e+16,0.50675,0.54881,0.58299
MJ07.0329,v,Ant,d,f,Ithomiinae,Melinaea,marsaeus,phasiana,MJ07.0329-v_Ant_d,948084.0,770.8795,845.0,0.14786,174041811605.0,94623085666617.0,5.58422656333801e+16,0.50705,0.54894,0.58301
MJ07.0329,v,Ant,g,f,Ithomiinae,Melinaea,marsaeus,phasiana,MJ07.0329-v_Ant_g,921706.0,751.9671,835.0,-0.22045,160151492029.0,84736451351805.0,4.86497958292397e+16,0.49921000000000004,0.54051,0.57403
MJ07.0330,d,Ant,d,f,Ithomiinae,Melinaea,marsaeus,phasiana,MJ07.0330-d_Ant_d,873354.0,726.0663,809.0,15.3871,146031449170.0,75104640609322.0,4.17497254303222e+16,0.50545,0.5456,0.57799
MJ07.0330,d,Ant,g,f,Ithomiinae,Melinaea,marsaeus,phasiana,MJ07.0330-d_Ant_g,927358.0,788.5558,857.0,-21.6136,173799884866.0,96060474695134.0,5.77108088715646e+16,0.50515,0.54801,0.5828
MJ07.0330,v,Ant,d,f,Ithomiinae,Melinaea,marsaeus,phasiana,MJ07.0330-v_Ant_d,928103.0,788.7721,856.0,-20.4043,174549584709.0,96580994924989.0,5.80800480365774e+16,0.50663,0.5494899999999999,0.5843
MJ07.0330,v,Ant,g,f,Ithomiinae,Melinaea,marsaeus,phasiana,MJ07.0330-v_Ant_g,873013.0,725.6933,808.0,14.2875,145392834197.0,74659894572487.0,4.14366900457819e+16,0.50507,0.54527,0.57767
MJ07.0331,d,Ant,d,f,Ithomiinae,Melinaea,marsaeus,phasiana,MJ07.0331-d_Ant_d,961467.0,776.4731,846.0,8.0487,177108488939.0,96591344408679.0,5.71465751678848e+16,0.50732,0.5495,0.5836399999999999
MJ07.0331,d,Ant,g,f,Ithomiinae,Melinaea,marsaeus,phasiana,MJ07.0331-d_Ant_g,954091.0,770.575,843.0,-4.399,174808296627.0,94934143176329.0,5.59322169194255e+16,0.50776,0.54969,0.5837
MJ07.0331,v,Ant,d,f,Ithomiinae,Melinaea,marsaeus,phasiana,MJ07.0331-v_Ant_d,955229.0,770.3941,842.0,-1.186,175548323214.0,95409874314710.0,5.62469636780012e+16,0.50913,0.55104,0.58504
MJ07.0331,v,Ant,g,f,Ithomiinae,Melinaea,marsaeus,phasiana,MJ07.0331-v_Ant_g,959483.0,775.5134,845.0,26.9421,175980932044.0,95792416129432.0,5.65642014774457e+16,0.5068199999999999,0.5489999999999999,0.58314
MJ07.0332,d,Ant,d,f,Ithomiinae,Melinaea,marsaeus,phasiana,MJ07.0332-d_Ant_d,1050572.0,820.982,887.0,-13.5763,216092571867.0,124613486370751.0,7.79738804523839e+16,0.51131,0.55393,0.58845
MJ07.0332,d,Ant,g,f,Ithomiinae,Melinaea,marsaeus,phasiana,MJ07.0332-d_Ant_g,1047758.0,822.0602,890.0,14.7455,216205393855.0,124875523544409.0,7.82699972138973e+16,0.5104,0.55295,0.58741
MJ07.0332,v,Ant,d,f,Ithomiinae,Melinaea,marsaeus,phasiana,MJ07.0332-v_Ant_d,1048286.0,818.4935,885.0,-14.6027,214532125935.0,123346318362361.0,7.69328920483553e+16,0.51117,0.5537,0.58812
MJ07.0332,v,Ant,g,f,Ithomiinae,Melinaea,marsaeus,phasiana,MJ07.0332-v_Ant_g,1047706.0,821.9265,890.0,15.0194,215921395009.0,124652929514171.0,7.80948285943929e+16,0.51008,0.5526300000000001,0.58709
MJ07.0333,d,Ant,d,m,Ithomiinae,Melinaea,marsaeus,phasiana,MJ07.0333-d_Ant_d,932312.0,766.0307,848.0,-21.401999999999997,165468866609.0,88911489579829.0,5.19211649421405e+16,0.4968,0.53877,0.57286
MJ07.0333,d,Ant,g,m,Ithomiinae,Melinaea,marsaeus,phasiana,MJ07.0333-d_Ant_g,929166.0,758.9580000000001,838.0,-30.085,161977320526.0,86223546240788.0,4.98774386750438e+16,0.49823999999999996,0.5402600000000001,0.57439
MJ07.0333,v,Ant,d,m,Ithomiinae,Melinaea,marsaeus,phasiana,MJ07.0333-v_Ant_d,929055.0,758.7232,838.0,-23.7304,161696930195.0,86014607189665.0,4.97212441092723e+16,0.49783999999999995,0.53984,0.57396
MJ07.0333,v,Ant,g,m,Ithomiinae,Melinaea,marsaeus,phasiana,MJ07.0333-v_Ant_g,933903.0,767.3819,849.0,-12.9493,165548600553.0,89002086244295.0,5.20245289463705e+16,0.49591,0.53801,0.57223
MJ07.0334,d,Ant,d,m,Ithomiinae,Melinaea,marsaeus,phasiana,MJ07.0334-d_Ant_d,914722.0,742.7331,817.0,-16.0426,151980768968.0,79074141680950.0,4.47095471872415e+16,0.49892,0.5412,0.5755100000000001
MJ07.0334,d,Ant,g,m,Ithomiinae,Melinaea,marsaeus,phasiana,MJ07.0334-d_Ant_g,913785.0,749.8038,824.0,0.804,155189561724.0,81599813361638.0,4.66306585932553e+16,0.50013,0.5424399999999999,0.57681
MJ07.0334,v,Ant,d,m,Ithomiinae,Melinaea,marsaeus,phasiana,MJ07.0334-v_Ant_d,916638.0,750.2349,823.0,-3.115,155665107383.0,81850111263365.0,4.67634991958553e+16,0.5007199999999999,0.54309,0.5774699999999999
MJ07.0334,v,Ant,g,m,Ithomiinae,Melinaea,marsaeus,phasiana,MJ07.0334-v_Ant_g,913415.0,742.2691,816.0,-17.8939,151617152371.0,78844750279909.0,4.45586375216235e+16,0.49928999999999996,0.5416,0.57594
MJ07.0335,d,Ant,d,m,Ithomiinae,Melinaea,marsaeus,phasiana,MJ07.0335-d_Ant_d,1006134.0,795.415,879.0,-34.754,190947941863.0,106408028947099.0,6.45286447524475e+16,0.49561000000000005,0.5379999999999999,0.5725100000000001
MJ07.0335,d,Ant,g,m,Ithomiinae,Melinaea,marsaeus,phasiana,MJ07.0335-d_Ant_g,1010382.0,807.3164,888.0,-27.7391,197663732639.0,111885604601887.0,6.89469579304472e+16,0.49809,0.54077,0.57557
MJ07.0335,v,Ant,d,m,Ithomiinae,Melinaea,marsaeus,phasiana,MJ07.0335-v_Ant_d,1013584.0,808.0804,889.0,-41.213,198752843443.0,112624232935381.0,6.94746831909519e+16,0.49811000000000005,0.54078,0.5755600000000001
MJ07.0335,v,Ant,g,m,Ithomiinae,Melinaea,marsaeus,phasiana,MJ07.0335-v_Ant_g,1004559.0,795.0664,879.0,24.575,190345548389.0,105994691143683.0,6.4228254491123e+16,0.49522,0.53759,0.57207
MJ07.0336,d,Ant,d,m,Ithomiinae,Melinaea,marsaeus,phasiana,MJ07.0336-d_Ant_d,928304.0,769.4583,846.0,-35.6953,163850999460.0,88435489186292.0,5.20734228702616e+16,0.4966,0.53985,0.57526
MJ07.0336,d,Ant,g,m,Ithomiinae,Melinaea,marsaeus,phasiana,MJ07.0336-d_Ant_g,927243.0,769.1813,848.0,-22.0477,163879797817.0,88425072436733.0,5.2028857036413e+16,0.49576000000000003,0.53876,0.57394
MJ07.0336,v,Ant,d,m,Ithomiinae,Melinaea,marsaeus,phasiana,MJ07.0336-v_Ant_d,930880.0,769.346,847.0,-16.0038,164539720086.0,88784363873300.0,5.22410278784825e+16,0.49637,0.53942,0.5746399999999999
MJ07.0336,v,Ant,g,m,Ithomiinae,Melinaea,marsaeus,phasiana,MJ07.0336-v_Ant_g,927635.0,770.5167,850.0,-42.0112,164046234187.0,88656380540989.0,5.22858287883844e+16,0.49473999999999996,0.53789,0.57324
MJ07.2027,d,Ant,g,f,Heliconiinae,Heliconius,numata,silvana,MJ07.2027-d_Ant_g,928056.0,762.55,842.0,-21.7718,164667709702.0,88202963666002.0,5.12805977513186e+16,0.50027,0.54199,0.57581
MJ07.2028,d,Ant,g,f,Heliconiinae,Heliconius,numata,aurora,MJ07.2028-d_Ant_g,1000758.0,800.3152,885.0,-23.7734,201472826446.0,114247545884036.0,7.02709966230531e+16,0.5069899999999999,0.54815,0.5816600000000001
MJ07.2066,d,Ant,d,f,Heliconiinae,Heliconius,numata,aurora,MJ07.2066-d_Ant_d,917549.0,760.5788,832.0,-37.4663,161056344257.0,85967035464073.0,4.98320335467089e+16,0.50356,0.5459,0.58023
MJ07.2130,d,Ant,d,f,Heliconiinae,Heliconius,numata,bicoloratus,MJ07.2130-d_Ant_d,911657.0,746.8841,817.0,-18.9035,156432107109.0,82309275208997.0,4.70105999015777e+16,0.50702,0.5491,0.58327
MJ07.2135,d,Ant,g,m,Heliconiinae,Heliconius,numata,arcuella,MJ07.2135-d_Ant_g,1074860.0,800.8783,871.0,-32.1432,209910338383.0,117963370709923.0,7.18911953068733e+16,0.50737,0.5496800000000001,0.58387
MJ97.0011,d,Ant,g,m,Heliconiinae,Heliconius,numata,arcuella,MJ97.0011-d_Ant_g,1111222.0,843.3879,919.0,-32.4159,240997530723.0,142720095681413.0,9.17165649520712e+16,0.50675,0.54901,0.58324
MJ97.0012,d,Ant,d,m,Heliconiinae,Heliconius,numata,arcuella,MJ97.0012-d_Ant_d,1064078.0,815.5726,887.0,10.1808,217590122897.0,124742576167035.0,7.74408295479691e+16,0.50981,0.55177,0.58557
MJ97.0022,d,Ant,g,f,Heliconiinae,Heliconius,numata,aurora,MJ97.0022-d_Ant_g,907745.0,746.1876,823.0,-4.3039,156617065929.0,82431713870975.0,4.70636310534441e+16,0.50471,0.54615,0.5798
MJ97.0029,d,Ant,g,m,Heliconiinae,Heliconius,numata,arcuella,MJ97.0029-d_Ant_g,695271.0,644.8523,702.0,-19.8481,89561546734.0,40679114775500.0,1.99990358304845e+16,0.51127,0.55301,0.58665
MJ97.0032,d,Ant,d,m,Heliconiinae,Heliconius,numata,tarapotensis,MJ97.0032-d_Ant_d,1055430.0,811.8598,873.0,-19.1656,214019154754.0,122186601655814.0,7.55331029708513e+16,0.51582,0.55828,0.5924699999999999
MJ97.0033,d,Ant,d,f,Ithomiinae,Melinaea,marsaeus,phasiana,MJ97.0033-d_Ant_d,998023.0,779.8679,862.0,26.3681,184696228990.0,101137970733478.0,6.01695623780612e+16,0.49906000000000006,0.54086,0.57485
MJ97.0033,d,Ant,g,f,Ithomiinae,Melinaea,marsaeus,phasiana,MJ97.0033-d_Ant_g,998531.0,779.5907,862.0,10.2976,182519694875.0,99660056429129.0,5.91959923097963e+16,0.49598000000000003,0.5381199999999999,0.57243
MJ97.0033,v,Ant,d,f,Ithomiinae,Melinaea,marsaeus,phasiana,MJ97.0033-v_Ant_d,997231.0,779.6977,862.0,26.3403,182268177721.0,99507023684707.0,5.90899805352139e+16,0.49596,0.53808,0.5723600000000001
MJ97.0033,v,Ant,g,f,Ithomiinae,Melinaea,marsaeus,phasiana,MJ97.0033-v_Ant_g,998538.0,779.2211,862.0,27.4503,184677723351.0,101055766142249.0,6.00657396405326e+16,0.4989,0.54062,0.57452
MJ97.0034,d,Ant,d,f,Ithomiinae,Melinaea,marsaeus,phasiana,MJ97.0034-d_Ant_d,927288.0,764.3368,842.0,22.4861,165902848135.0,89146576248341.0,5.20051849677071e+16,0.50235,0.5440699999999999,0.57796
MJ97.0034,d,Ant,g,f,Ithomiinae,Melinaea,marsaeus,phasiana,MJ97.0034-d_Ant_g,930353.0,767.1708,838.0,25.9734,167067981403.0,89900737978945.0,5.24534645570109e+16,0.50568,0.5476,0.58148
MJ97.0034,v,Ant,d,f,Ithomiinae,Melinaea,marsaeus,phasiana,MJ97.0034-v_Ant_d,932155.0,768.2807,841.0,23.1145,168117669832.0,90645149063780.0,5.29969245755653e+16,0.50497,0.54679,0.58062
MJ97.0034,v,Ant,g,f,Ithomiinae,Melinaea,marsaeus,phasiana,MJ97.0034-v_Ant_g,928893.0,764.5471,842.0,23.6878,166061909674.0,89210514969206.0,5.20260607013259e+16,0.50216,0.54388,0.57777
MJ97.0037,d,Ant,d,m,Ithomiinae,Melinaea,marsaeus,phasiana,MJ97.0037-d_Ant_d,796860.0,677.1853,763.0,-12.4232,117272873053.0,56708136173953.0,2.97519122198421e+16,0.50279,0.5431199999999999,0.57611
MJ97.0037,d,Ant,g,m,Ithomiinae,Melinaea,marsaeus,phasiana,MJ97.0037-d_Ant_g,810482.0,691.1210000000001,767.0,-23.3301,117418885567.0,56861929245215.0,2.98911599282938e+16,0.49625,0.53773,0.57135
MJ97.0037,v,Ant,d,m,Ithomiinae,Melinaea,marsaeus,phasiana,MJ97.0037-v_Ant_d,814494.0,693.1161,769.0,-26.7766,118395085568.0,57466609462964.0,3.02816979231307e+16,0.49578999999999995,0.5373399999999999,0.57101
MJ97.0037,v,Ant,g,m,Ithomiinae,Melinaea,marsaeus,phasiana,MJ97.0037-v_Ant_g,802983.0,680.4278,765.0,-18.6015,119046159501.0,57787209496495.0,3.04277000508942e+16,0.50332,0.54373,0.5767399999999999
MJ97.0040,d,Ant,g,m,Heliconiinae,Heliconius,numata,aurora,MJ97.0040-d_Ant_g,984733.0,780.7901,847.0,-55.6352,180799302518.0,98690067647928.0,5.84223475503652e+16,0.50589,0.5484100000000001,0.58268
MJ97.0044,d,Ant,d,m,Heliconiinae,Heliconius,numata,aurora,MJ97.0044-d_Ant_d,890410.0,730.3480000000001,786.0,-51.3568,146508293430.0,75193256935624.0,4.17199699839619e+16,0.51608,0.55818,0.59192
MJ97.0045,d,Ant,g,f,Heliconiinae,Heliconius,numata,aurora,MJ97.0045-d_Ant_g,980280.0,782.5075,856.0,5.0124,186454206112.0,102838668032384.0,6.14078338865391e+16,0.50949,0.55097,0.58445
MJ97.0046,d,Ant,g,f,Heliconiinae,Heliconius,numata,aurora,MJ97.0046-d_Ant_g,1066860.0,832.1322,903.0,-5.8883,227896781362.0,133380261665588.0,8.45001432513153e+16,0.51183,0.55374,0.58749
MJ97.0050,d,Ant,g,f,Heliconiinae,Heliconius,numata,tarapotensis,MJ97.0050-d_Ant_g,1144302.0,842.3454,937.0,-16.9324,250456606000.0,148719195694128.0,9.58552158581932e+16,0.49928999999999996,0.54059,0.57416
MJ97.0053,d,Ant,g,m,Heliconiinae,Heliconius,numata,tarapotensis,MJ97.0053-d_Ant_g,927818.0,762.3804,824.0,-30.2633,164952351455.0,88277347348543.0,5.11719241578588e+16,0.51171,0.55403,0.58812
MJ97.0056,d,Ant,d,m,Heliconiinae,Heliconius,numata,tarapotensis,MJ97.0056-d_Ant_d,1011443.0,810.7812,879.0,-22.9662,204016617096.0,116350027190448.0,7.19550077345711e+16,0.51094,0.55329,0.58754
MJ97.0062,d,Ant,g,m,Heliconiinae,Heliconius,numata,silvana,MJ97.0062-d_Ant_g,975433.0,759.2924,835.0,-13.8035,173527024021.0,92675458774849.0,5.35991639208476e+16,0.50512,0.54647,0.5798300000000001
MJ97.0064,d,Ant,d,m,Heliconiinae,Heliconius,numata,silvana,MJ97.0064-d_Ant_d,1252298.0,874.903,959.0,-48.1866,291440421655.0,178752197912117.0,1.18861104849679e+17,0.5030399999999999,0.54496,0.5787800000000001
MJ97.0068,d,Ant,g,m,Heliconiinae,Heliconius,numata,bicoloratus,MJ97.0068-d_Ant_g,1106921.0,831.4501,904.0,-33.4274,237766552159.0,139344197822569.0,8.83745655918813e+16,0.51268,0.5544,0.58801
MJ97.0069,d,Ant,g,m,Heliconiinae,Heliconius,numata,tarapotensis,MJ97.0069-d_Ant_g,778469.0,661.6593,715.0,15.7117,104603578892.0,48559349157012.0,2.43832415719822e+16,0.51268,0.55467,0.58838
MJ97.0071,d,Ant,g,f,Heliconiinae,Heliconius,numata,tarapotensis,MJ97.0071-d_Ant_g,1118882.0,832.4196,921.0,-20.6064,244352546510.0,144322253635450.0,9.24684423863881e+16,0.50741,0.5486,0.58216
MJ97.0074,d,Ant,d,f,Ithomiinae,Melinaea,marsaeus,mothone,MJ97.0074-d_Ant_d,1206058.0,864.5425,951.0,12.2158,281003686165.0,171274533050577.0,1.12996748109408e+17,0.50756,0.54861,0.58176
MJ97.0074,d,Ant,g,f,Ithomiinae,Melinaea,marsaeus,mothone,MJ97.0074-d_Ant_g,1198552.0,862.2525,954.0,28.2911,278881521252.0,169899149832172.0,1.12107219437741e+17,0.50563,0.54655,0.5796899999999999
MJ97.0074,v,Ant,d,f,Ithomiinae,Melinaea,marsaeus,mothone,MJ97.0074-v_Ant_d,1200876.0,863.2901,955.0,34.9638,279907956503.0,170682713218257.0,1.12723080446597e+17,0.50554,0.5464600000000001,0.5796
MJ97.0074,v,Ant,g,f,Ithomiinae,Melinaea,marsaeus,mothone,MJ97.0074-v_Ant_g,1205971.0,864.6197,953.0,11.9904,281230049176.0,171450324815290.0,1.13129594554657e+17,0.50672,0.54766,0.58072
MJ97.0075,d,Ant,g,m,Heliconiinae,Heliconius,numata,tarapotensis,MJ97.0075-d_Ant_g,1118459.0,821.1856,894.0,-28.7357,234736114941.0,135821910819515.0,8.49953946535856e+16,0.51244,0.55392,0.5873
MJ97.0076,d,Ant,d,m,Heliconiinae,Heliconius,numata,tarapotensis,MJ97.0076-d_Ant_d,1081053.0,809.2826,874.0,-64.3616,219101601708.0,124819376796274.0,7.69321458571523e+16,0.5151,0.55714,0.59095
MJ97.0079,d,Ant,g,m,Heliconiinae,Heliconius,numata,bicoloratus,MJ97.0079-d_Ant_g,1085424.0,838.9852,908.0,-47.3042,233890797196.0,138000192296742.0,8.8326326518532e+16,0.5112399999999999,0.55378,0.58822
MJ97.0084,d,Ant,d,m,Heliconiinae,Heliconius,numata,bicoloratus,MJ97.0084-d_Ant_d,1062928.0,810.9376,882.0,-46.2372,217227731094.0,124253049315612.0,7.69622032566301e+16,0.51255,0.55437,0.58813
MJ97.0089,d,Ant,g,f,Heliconiinae,Heliconius,numata,tarapotensis,MJ97.0089-d_Ant_g,1005655.0,799.5936,879.0,-21.0418,200217095758.0,113032279337926.0,6.91420574420533e+16,0.50762,0.54903,0.58255
MJ97.0091,d,Ant,d,f,Heliconiinae,Heliconius,numata,aurora,MJ97.0091-d_Ant_d,1095328.0,820.9875,908.0,7.0236,229201135552.0,132810462528692.0,8.3481509232744e+16,0.50379,0.5451,0.5786600000000001
MJ97.0094,d,Ant,d,m,Heliconiinae,Heliconius,numata,aurora,MJ97.0094-d_Ant_d,910183.0,748.4948,807.0,-46.1408,157136452217.0,82756278180145.0,4.71997802570601e+16,0.5148699999999999,0.55721,0.59133
MJ97.0095,d,Ant,g,m,Heliconiinae,Heliconius,numata,aurora,MJ97.0095-d_Ant_g,638920.0,602.4801,661.0,-27.3527,72840081882.0,30986641387480.0,1.42462441161817e+16,0.51081,0.55171,0.5846
MJ97.0096,d,Ant,d,m,Heliconiinae,Heliconius,numata,aurora,MJ97.0096-d_Ant_d,903136.0,768.9349,826.0,-27.6192,164809628914.0,89045491336344.0,5.20222662687514e+16,0.51717,0.55929,0.5931
MJ97.0098,d,Ant,g,m,Heliconiinae,Heliconius,numata,tarapotensis,MJ97.0098-d_Ant_g,1049335.0,806.4676,879.0,-63.7336,208520998710.0,118199373722078.0,7.26890540895298e+16,0.5071399999999999,0.54943,0.58365
MJ97.0100,d,Ant,d,f,Heliconiinae,Heliconius,numata,bicoloratus,MJ97.0100-d_Ant_d,985024.0,771.9904,841.0,-8.2166,181229037643.0,98358934796939.0,5.77747303655418e+16,0.51003,0.5516399999999999,0.58516
MJ97.0104,d,Ant,g,f,Heliconiinae,Heliconius,numata,tarapotensis,MJ97.0104-d_Ant_g,1048491.0,811.9035,899.0,43.4949,219731445252.0,126611971735254.0,7.89750929981977e+16,0.50922,0.54981,0.5827399999999999
MJ97.0105,d,Ant,d,m,Heliconiinae,Heliconius,numata,bicoloratus,MJ97.0105-d_Ant_d,1114672.0,822.6033,896.0,-44.1395,228131418007.0,131327818808169.0,8.1936734520046e+16,0.5049100000000001,0.54714,0.58113
MJ97.0107,d,Ant,d,f,Ithomiinae,Melinaea,marsaeus,phasiana,MJ97.0107-d_Ant_d,962879.0,794.3892,870.0,6.5365,185404578672.0,103362878184860.0,6.2517239258047e+16,0.50438,0.54628,0.58021
MJ97.0107,d,Ant,g,f,Ithomiinae,Melinaea,marsaeus,phasiana,MJ97.0107-d_Ant_g,957486.0,789.2203,868.0,18.6266,187579463162.0,104779282102630.0,6.33824493543301e+16,0.50993,0.55105,0.58437
MJ97.0107,v,Ant,d,f,Ithomiinae,Melinaea,marsaeus,phasiana,MJ97.0107-v_Ant_d,957836.0,790.0961,869.0,17.3154,187994313096.0,105116115523036.0,6.36504240658333e+16,0.50981,0.55094,0.58426
MJ97.0107,v,Ant,g,f,Ithomiinae,Melinaea,marsaeus,phasiana,MJ97.0107-v_Ant_g,961801.0,794.8829,871.0,16.0885,185591243041.0,103539819454069.0,6.26573872352094e+16,0.5043300000000001,0.5461600000000001,0.58003
MJ97.0108,d,Ant,g,m,Heliconiinae,Heliconius,numata,tarapotensis,MJ97.0108-d_Ant_g,1067457.0,808.6976,889.0,-18.1918,216134564828.0,123154948874086.0,7.60209621019525e+16,0.50616,0.5476,0.58109
MJ97.0111,d,Ant,d,f,Heliconiinae,Heliconius,numata,bicoloratus,MJ97.0111-d_Ant_d,982807.0,783.9029,855.0,-8.335,186596122603.0,102935444701413.0,6.15014235033465e+16,0.50963,0.5513100000000001,0.58498
MJ97.0112,d,Ant,d,m,Heliconiinae,Heliconius,numata,bicoloratus,MJ97.0112-d_Ant_d,1069539.0,819.9378,902.0,-28.6339,225120799980.0,130603010565150.0,8.21232796291785e+16,0.50863,0.55002,0.5835899999999999
MJ97.0113,d,Ant,g,m,Heliconiinae,Heliconius,numata,bicoloratus,MJ97.0113-d_Ant_g,1063776.0,811.0756,891.0,-37.7807,217889411683.0,124975421008217.0,7.77715836746754e+16,0.50794,0.5496800000000001,0.5836
MJ97.0114,d,Ant,g,m,Heliconiinae,Heliconius,numata,bicoloratus,MJ97.0114-d_Ant_g,1103781.0,830.1448,908.0,-32.619,235312988069.0,137785856340009.0,8.7505360814756e+16,0.50851,0.5504100000000001,0.58439
MJ97.0115,d,Ant,d,m,Heliconiinae,Heliconius,numata,bicoloratus,MJ97.0115-d_Ant_d,1058626.0,811.0213,884.0,-30.2146,214620815900.0,122548755181042.0,7.58447798606539e+16,0.50935,0.55132,0.58525
MJ97.0118,d,Ant,g,f,Heliconiinae,Heliconius,numata,aurora,MJ97.0118-d_Ant_g,908349.0,729.5509,793.0,-11.1963,149270777662.0,76599192028752.0,4.25566784192191e+16,0.5112,0.55299,0.5866899999999999
MJ97.0124,d,Ant,g,m,Heliconiinae,Heliconius,numata,bicoloratus,MJ97.0124-d_Ant_g,948046.0,742.1392,804.0,-29.590999999999998,159912280195.0,83193522743679.0,4.68035158189984e+16,0.5108199999999999,0.55271,0.58628
MJ97.0127,d,Ant,d,m,Heliconiinae,Heliconius,numata,bicoloratus,MJ97.0127-d_Ant_d,1054099.0,814.0342,889.0,-24.9645,219806058092.0,126610850794196.0,7.89198194083098e+16,0.51366,0.555,0.5884
MJ97.0133,d,Ant,d,m,Heliconiinae,Heliconius,numata,bicoloratus,MJ97.0133-d_Ant_d,988040.0,770.2224,852.0,-22.8441,188216934207.0,103207863593019.0,6.11901292946338e+16,0.51227,0.55276,0.5855100000000001
MJ97.0134,d,Ant,g,f,Heliconiinae,Heliconius,numata,bicoloratus,MJ97.0134-d_Ant_g,1022481.0,783.3444,858.0,-19.0219,193014297823.0,106319729418415.0,6.34715720760611e+16,0.50638,0.54807,0.58176
MJ97.0135,d,Ant,d,f,Ithomiinae,Melinaea,marsaeus,phasiana,MJ97.0135-d_Ant_d,814612.0,714.5809,775.0,-3.7042,124386790215.0,62051761625879.0,3.36054473049336e+16,0.50421,0.54697,0.58152
MJ97.0135,d,Ant,g,f,Ithomiinae,Melinaea,marsaeus,phasiana,MJ97.0135-d_Ant_g,804551.0,711.5177,779.0,-5.9895,123897788611.0,61818746493981.0,3.34603112653274e+16,0.50375,0.54574,0.5797
MJ97.0135,v,Ant,d,f,Ithomiinae,Melinaea,marsaeus,phasiana,MJ97.0135-v_Ant_d,806784.0,713.1951,782.0,-5.0709,125000550365.0,62548048862521.0,3.39530630106773e+16,0.50335,0.54527,0.57919
MJ97.0135,v,Ant,g,f,Ithomiinae,Melinaea,marsaeus,phasiana,MJ97.0135-v_Ant_g,815109.0,715.2113,777.0,-15.5759,124431961508.0,62087088184026.0,3.36315228237056e+16,0.50285,0.54556,0.58005
MJ97.0136,d,Ant,d,m,Ithomiinae,Melinaea,marsaeus,phasiana,MJ97.0136-d_Ant_d,824119.0,717.2518,787.0,-58.0245,125070105811.0,62717437467711.0,3.43144339139785e+16,0.495,0.53847,0.57398
MJ97.0136,d,Ant,g,m,Ithomiinae,Melinaea,marsaeus,phasiana,MJ97.0136-d_Ant_g,839012.0,718.1904,789.0,-70.6709,126609025877.0,63408438707613.0,3.46584139543277e+16,0.49235,0.53586,0.57139
MJ97.0136,v,Ant,d,m,Ithomiinae,Melinaea,marsaeus,phasiana,MJ97.0136-v_Ant_d,840516.0,717.2648,786.0,-56.5084,126691271434.0,63375287476602.0,3.45862306580744e+16,0.49394,0.5374899999999999,0.57302
MJ97.0136,v,Ant,g,m,Ithomiinae,Melinaea,marsaeus,phasiana,MJ97.0136-v_Ant_g,825176.0,717.7312,789.0,-58.725,125097834124.0,62729702086808.0,3.43228395887724e+16,0.49349,0.53691,0.57238
MJ97.0138,d,Ant,d,f,Ithomiinae,Melinaea,marsaeus,phasiana,MJ97.0138-d_Ant_d,893587.0,752.6935,825.0,-14.4434,153494336335.0,81177453411103.0,4.66910373668568e+16,0.50237,0.54489,0.57952
MJ97.0138,d,Ant,g,f,Ithomiinae,Melinaea,marsaeus,phasiana,MJ97.0138-d_Ant_g,889729.0,746.7775,816.0,-0.20695,146989601643.0,76563539983115.0,4.33974322070638e+16,0.49811000000000005,0.54104,0.57592
MJ97.0138,v,Ant,d,f,Ithomiinae,Melinaea,marsaeus,phasiana,MJ97.0138-v_Ant_d,890129.0,747.5736,818.0,10.2483,147491137141.0,76916132515999.0,4.36439121860036e+16,0.49763,0.54047,0.57526
MJ97.0138,v,Ant,g,f,Ithomiinae,Melinaea,marsaeus,phasiana,MJ97.0138-v_Ant_g,893187.0,752.3556,825.0,-15.036,152472103190.0,80471078699870.0,4.61978440795574e+16,0.5008100000000001,0.5433899999999999,0.57805
MJ97.0139,d,Ant,d,f,Ithomiinae,Melinaea,marsaeus,phasiana,MJ97.0139-d_Ant_d,978416.0,805.3886,885.0,34.4078,193440210223.0,109395775446621.0,6.71675846425648e+16,0.50242,0.5443600000000001,0.57838
MJ97.0139,d,Ant,g,f,Ithomiinae,Melinaea,marsaeus,phasiana,MJ97.0139-d_Ant_g,991140.0,821.2605,902.0,32.2814,203996880950.0,117699301748046.0,7.37335051670865e+16,0.5029600000000001,0.54493,0.579
MJ97.0139,v,Ant,d,f,Ithomiinae,Melinaea,marsaeus,phasiana,MJ97.0139-v_Ant_d,990401.0,821.3579,903.0,31.8471,203391178040.0,117267310410504.0,7.34123868998034e+16,0.50185,0.54379,0.5778300000000001
MJ97.0139,v,Ant,g,f,Ithomiinae,Melinaea,marsaeus,phasiana,MJ97.0139-v_Ant_g,982037.0,806.5155,885.0,30.6496,194044510515.0,109813885233695.0,6.74958250076833e+16,0.5022800000000001,0.54438,0.57855
MJ97.0141,d,Ant,g,f,Heliconiinae,Heliconius,numata,bicoloratus,MJ97.0141-d_Ant_g,1106787.0,821.2038,907.0,50.1517,236046085869.0,137316226493415.0,8.64489003793079e+16,0.50917,0.54989,0.58286
MJ97.0146,d,Ant,g,f,Heliconiinae,Heliconius,numata,bicoloratus,MJ97.0146-d_Ant_g,990304.0,778.7858,863.0,-25.8609,184103252340.0,100975657098226.0,6.02068491039855e+16,0.49962,0.5413399999999999,0.57539
MJ97.0147,d,Ant,g,m,Heliconiinae,Heliconius,numata,tarapotensis,MJ97.0147-d_Ant_g,1155582.0,850.9465,928.0,-41.6307,259527851206.0,155624488146846.0,1.01026413019122e+17,0.51067,0.55235,0.58595
MJ97.0154,d,Ant,g,m,Heliconiinae,Heliconius,numata,tarapotensis,MJ97.0154-d_Ant_g,1090301.0,803.346,881.0,-27.2141,220203102709.0,124891054707415.0,7.66123739595246e+16,0.5101100000000001,0.55125,0.5844
MJ97.0156,d,Ant,g,m,Heliconiinae,Heliconius,numata,tarapotensis,MJ97.0156-d_Ant_g,1014510.0,785.7104,847.0,-34.7425,193878411091.0,107155426525035.0,6.40421789235303e+16,0.51612,0.55809,0.5917899999999999
MJ97.0157,d,Ant,g,m,Heliconiinae,Heliconius,numata,tarapotensis,MJ97.0157-d_Ant_g,1139103.0,846.9533,920.0,-44.1109,251008463073.0,149358225837067.0,9.62447048552005e+16,0.5102399999999999,0.5522100000000001,0.58602
MJ97.0161,d,Ant,d,m,Ithomiinae,Melinaea,marsaeus,phasiana,MJ97.0161-d_Ant_d,793543.0,706.1252,775.0,-34.0969,115892262308.0,57040362598346.0,3.06224887527433e+16,0.49311000000000005,0.5365,0.57189
MJ97.0161,d,Ant,g,m,Ithomiinae,Melinaea,marsaeus,phasiana,MJ97.0161-d_Ant_g,816620.0,712.1885,784.0,-24.8164,122869499046.0,61138632476442.0,3.31302419862293e+16,0.49476000000000003,0.53759,0.57245
MJ97.0161,v,Ant,d,m,Ithomiinae,Melinaea,marsaeus,phasiana,MJ97.0161-v_Ant_d,818315.0,712.9927,786.0,-28.9163,123799496738.0,61726211697160.0,3.35127381298896e+16,0.49485,0.53756,0.57233
MJ97.0161,v,Ant,g,m,Ithomiinae,Melinaea,marsaeus,phasiana,MJ97.0161-v_Ant_g,793497.0,705.9333,775.0,-34.7664,115684860451.0,56900770477253.0,3.05287448956165e+16,0.49268,0.5360699999999999,0.5714600000000001
MJ97.0162,d,Ant,d,f,Ithomiinae,Melinaea,marsaeus,phasiana,MJ97.0162-d_Ant_d,916304.0,753.3168,822.0,6.9084,157891830039.0,83488641125701.0,4.79656449479001e+16,0.505,0.54742,0.5819
MJ97.0162,d,Ant,g,f,Ithomiinae,Melinaea,marsaeus,phasiana,MJ97.0162-d_Ant_g,916204.0,757.0084,836.0,32.3568,161964169147.0,86465029181599.0,5.01326261250238e+16,0.50293,0.5446,0.57853
MJ97.0162,v,Ant,d,f,Ithomiinae,Melinaea,marsaeus,phasiana,MJ97.0162-v_Ant_d,917571.0,758.4882,837.0,32.1781,163167596807.0,87321302146743.0,5.07445325445243e+16,0.5038199999999999,0.54547,0.57938
MJ97.0162,v,Ant,g,f,Ithomiinae,Melinaea,marsaeus,phasiana,MJ97.0162-v_Ant_g,917249.0,754.1507,824.0,10.6957,158274674265.0,83769265739967.0,4.81782533790902e+16,0.50412,0.54652,0.58098
MJ97.0168,d,Ant,g,m,Heliconiinae,Heliconius,numata,silvana,MJ97.0168-d_Ant_g,1136700.0,825.5048,892.0,-46.251999999999995,227634879766.0,130486212488262.0,8.11768488122881e+16,0.50169,0.54485,0.5795399999999999
MJ97.0170,d,Ant,d,f,Ithomiinae,Melinaea,marsaeus,mothone,MJ97.0170-d_Ant_d,1264484.0,893.1322,987.0,13.7617,311232657050.0,196260942781810.0,1.34506333677712e+17,0.50265,0.5444899999999999,0.57862
MJ97.0170,d,Ant,g,f,Ithomiinae,Melinaea,marsaeus,mothone,MJ97.0170-d_Ant_g,1276141.0,903.5982,1001.0,-19.7145,317274312222.0,201651514571162.0,1.39431245223383e+17,0.49812,0.54009,0.57436
MJ97.0170,v,Ant,d,f,Ithomiinae,Melinaea,marsaeus,mothone,MJ97.0170-v_Ant_d,1277078.0,904.2943,999.0,-13.0129,317941669174.0,202194699329810.0,1.39869412233002e+17,0.49946,0.5415300000000001,0.57585
MJ97.0170,v,Ant,g,f,Ithomiinae,Melinaea,marsaeus,mothone,MJ97.0170-v_Ant_g,1264190.0,892.6462,985.0,10.9365,310893568344.0,195931248088736.0,1.3418335917519e+17,0.50346,0.54533,0.57948
MJ97.0171,d,Ant,d,f,Ithomiinae,Melinaea,marsaeus,mothone,MJ97.0171-d_Ant_d,1075783.0,815.3379,899.0,-4.9373,219183295260.0,125877327431530.0,7.85781555919274e+16,0.5020899999999999,0.54406,0.57828
MJ97.0171,d,Ant,g,f,Ithomiinae,Melinaea,marsaeus,mothone,MJ97.0171-d_Ant_g,1075798.0,804.8351,898.0,42.3356,219552038973.0,125573572292417.0,7.80323145990111e+16,0.50307,0.54423,0.57791
MJ97.0171,v,Ant,d,f,Ithomiinae,Melinaea,marsaeus,mothone,MJ97.0171-v_Ant_d,1078062.0,805.0613,898.0,39.5275,220768221667.0,126393196260925.0,7.85948118827034e+16,0.50393,0.54503,0.5786399999999999
MJ97.0171,v,Ant,g,f,Ithomiinae,Melinaea,marsaeus,mothone,MJ97.0171-v_Ant_g,1075813.0,816.1624,899.0,-0.7569100000000001,220007817262.0,126533656895050.0,7.90914648012641e+16,0.50303,0.545,0.57921
MJ97.0175,d,Ant,g,m,Heliconiinae,Heliconius,numata,tarapotensis,MJ97.0175-d_Ant_g,1114970.0,835.4314,906.0,-28.3476,234400410228.0,136882280640720.0,8.6683428913027e+16,0.50608,0.54857,0.5828300000000001
MJ97.0177,d,Ant,d,m,Heliconiinae,Heliconius,numata,tarapotensis,MJ97.0177-d_Ant_d,998864.0,779.2994,850.0,-24.2393,186798545760.0,102361446372974.0,6.07294459448909e+16,0.50876,0.5505399999999999,0.58419
MJ97.0178,d,Ant,g,m,Heliconiinae,Heliconius,numata,tarapotensis,MJ97.0178-d_Ant_g,917150.0,766.5545,831.0,-45.4193,164208650068.0,88259909852372.0,5.13842500382754e+16,0.5091899999999999,0.55145,0.5854600000000001
MJ97.0182,d,Ant,g,m,Heliconiinae,Heliconius,numata,tarapotensis,MJ97.0182-d_Ant_g,1040611.0,792.9265,869.0,-48.5547,202732847350.0,113326614581132.0,6.86423747112949e+16,0.5079199999999999,0.54953,0.58318
MJ97.0195,d,Ant,d,f,Heliconiinae,Heliconius,numata,tarapotensis,MJ97.0195-d_Ant_d,988460.0,781.555,845.0,3.5016,186062417269.0,102299566451885.0,6.09279597349232e+16,0.51344,0.55562,0.58967
MJ97.0198,d,Ant,g,f,Heliconiinae,Heliconius,numata,arcuella,MJ97.0198-d_Ant_g,1179945.0,845.2232,927.0,-46.2413,261862509596.0,155951744846112.0,1.00488263289612e+17,0.5081899999999999,0.5494899999999999,0.58275
MJ97.0199,d,Ant,d,m,Heliconiinae,Heliconius,numata,aurora,MJ97.0199-d_Ant_d,990113.0,776.457,837.0,-24.8742,182325706895.0,99343467332663.0,5.86429925449779e+16,0.51269,0.5551699999999999,0.5894
MJ97.0202,d,Ant,g,m,Heliconiinae,Heliconius,numata,aurora,MJ97.0202-d_Ant_g,989381.0,772.7694,840.0,-41.9793,182685827984.0,99309450937780.0,5.84101465266426e+16,0.51155,0.5532600000000001,0.58682
MJ97.0205,d,Ant,d,m,Heliconiinae,Heliconius,numata,arcuella,MJ97.0205-d_Ant_d,972383.0,793.2081,863.0,-17.3366,185498080785.0,103088847262053.0,6.21353890027608e+16,0.5061,0.54842,0.5825899999999999
MJ97.0206,d,Ant,g,f,Heliconiinae,Heliconius,numata,tarapotensis,MJ97.0206-d_Ant_g,808009.0,692.1527,762.0,-12.4642,119418984499.0,58191243794859.0,3.0744940391613e+16,0.50451,0.546,0.5796100000000001
MJ97.0208,d,Ant,d,m,Heliconiinae,Heliconius,numata,silvana,MJ97.0208-d_Ant_d,887923.0,715.8053,785.0,9.3191,140640736774.0,70780080516226.0,3.85263575634552e+16,0.5069899999999999,0.54825,0.5814
MJ97.0210,v,Ant,d,m,Heliconiinae,Heliconius,numata,tarapotensis,MJ97.0210-v_Ant_d,1070587.0,806.0234,879.0,-43.4926,214193672870.0,121413930355784.0,7.45406542161671e+16,0.5088699999999999,0.55067,0.58439
MJ97.0211,d,Ant,d,f,Ithomiinae,Melinaea,marsaeus,phasiana,MJ97.0211-d_Ant_d,844087.0,731.5601,811.0,8.3832,137313790939.0,70618703791511.0,3.95134955166452e+16,0.49733,0.5392899999999999,0.57355
MJ97.0211,d,Ant,g,f,Ithomiinae,Melinaea,marsaeus,phasiana,MJ97.0211-d_Ant_g,846174.0,731.7791,803.0,-8.8518,137789907002.0,70922665736704.0,3.97131406361797e+16,0.50253,0.545,0.57963
MJ97.0211,v,Ant,d,f,Ithomiinae,Melinaea,marsaeus,phasiana,MJ97.0211-v_Ant_d,850818.0,733.5508,805.0,-4.7201,139233018489.0,71835313530241.0,4.03148568160595e+16,0.50252,0.54497,0.57958
MJ97.0211,v,Ant,g,f,Ithomiinae,Melinaea,marsaeus,phasiana,MJ97.0211-v_Ant_g,846062.0,732.5945,811.0,7.3099,137728662701.0,70880269827907.0,3.96852812904234e+16,0.4975,0.5395399999999999,0.5738300000000001
MJ97.0212,d,Ant,g,f,Heliconiinae,Heliconius,numata,arcuella,MJ97.0212-d_Ant_g,1018291.0,784.0424,860.0,27.5375,195034161950.0,107893500082926.0,6.46733586876714e+16,0.50889,0.55023,0.58373
MJ97.0215,d,Ant,d,f,Ithomiinae,Melinaea,marsaeus,phasiana,MJ97.0215-d_Ant_d,995893.0,816.1102,900.0,22.8446,215499467867.0,125118806400173.0,7.83635998697594e+16,0.51686,0.5564899999999999,0.58848
MJ97.0215,d,Ant,g,f,Ithomiinae,Melinaea,marsaeus,phasiana,MJ97.0215-d_Ant_g,1024027.0,814.0461,892.0,7.263,205093449101.0,116983349156541.0,7.24777253040178e+16,0.50171,0.54397,0.57824
MJ97.0215,v,Ant,d,f,Ithomiinae,Melinaea,marsaeus,phasiana,MJ97.0215-v_Ant_d,1024270.0,814.0283,891.0,9.4519,205015455931.0,116904724697271.0,7.24032884288624e+16,0.50212,0.5444100000000001,0.5787100000000001
MJ97.0215,v,Ant,g,f,Ithomiinae,Melinaea,marsaeus,phasiana,MJ97.0215-v_Ant_g,994810.0,814.6145,899.0,24.1762,214815960412.0,124566785426726.0,7.79200726327505e+16,0.5169,0.5564899999999999,0.58846
MJ97.0216,d,Ant,d,f,Heliconiinae,Heliconius,numata,tarapotensis,MJ97.0216-d_Ant_d,1024821.0,806.3751,890.0,27.849,213102029522.0,122075778732538.0,7.56241379269721e+16,0.51237,0.55285,0.58562
MJ98.2050,d,Ant,d,f,Ithomiinae,Melinaea,marsaeus,phasiana,MJ98.2050-d_Ant_d,959168.0,793.2247,868.0,-1.8334,185642257612.0,103634144628338.0,6.27647569079256e+16,0.50684,0.54872,0.5826899999999999
MJ98.2050,d,Ant,g,f,Ithomiinae,Melinaea,marsaeus,phasiana,MJ98.2050-d_Ant_g,963953.0,801.668,872.0,-8.4625,187828927778.0,105690363667862.0,6.46282347309085e+16,0.50622,0.54888,0.58355
MJ98.2050,v,Ant,d,f,Ithomiinae,Melinaea,marsaeus,phasiana,MJ98.2050-v_Ant_d,963645.0,801.4414,872.0,8.7672,186817668102.0,104951608105520.0,6.40809891757182e+16,0.50493,0.54766,0.58235
MJ98.2050,v,Ant,g,f,Ithomiinae,Melinaea,marsaeus,phasiana,MJ98.2050-v_Ant_g,962328.0,794.1169,868.0,-3.6524,186920511620.0,104526053619978.0,6.34159205829381e+16,0.50775,0.54969,0.5837100000000001
MJ98.2051,d,Ant,d,f,Ithomiinae,Melinaea,marsaeus,phasiana,MJ98.2051-d_Ant_d,956172.0,759.2101,836.0,-5.0044,168083148435.0,89610920523135.0,5.18491374576432e+16,0.50152,0.5433399999999999,0.57722
MJ98.2051,d,Ant,g,f,Ithomiinae,Melinaea,marsaeus,phasiana,MJ98.2051-d_Ant_g,973464.0,778.6829,860.0,1.6464,182826177365.0,100561698125013.0,6.00516586776065e+16,0.50392,0.5456,0.5795
MJ98.2051,v,Ant,d,f,Ithomiinae,Melinaea,marsaeus,phasiana,MJ98.2051-v_Ant_d,972289.0,778.8835,860.0,1.9753,183144545808.0,100826040687952.0,6.02522795263221e+16,0.50466,0.5463,0.58016
MJ98.2051,v,Ant,g,f,Ithomiinae,Melinaea,marsaeus,phasiana,MJ98.2051-v_Ant_g,960105.0,760.931,840.0,-9.3388,169167096871.0,90387269272521.0,5.24439754438718e+16,0.49971000000000004,0.54156,0.57553
MJ98.2079,d,Ant,d,f,Ithomiinae,Melinaea,marsaeus,mothone,MJ98.2079-d_Ant_d,1185721.0,847.2256,943.0,11.0472,269146284473.0,161649557134125.0,1.05203354060646e+17,0.5052300000000001,0.54578,0.57876
MJ98.2079,d,Ant,g,f,Ithomiinae,Melinaea,marsaeus,mothone,MJ98.2079-d_Ant_g,1198933.0,856.3389999999999,951.0,18.5479,271782315106.0,164042615262246.0,1.07449171302319e+17,0.50065,0.54184,0.57534
MJ98.2079,v,Ant,d,f,Ithomiinae,Melinaea,marsaeus,mothone,MJ98.2079-v_Ant_d,1200021.0,856.6141,950.0,17.2576,271350599433.0,163665997081581.0,1.07123497536375e+17,0.50055,0.54183,0.5753699999999999
MJ98.2079,v,Ant,g,f,Ithomiinae,Melinaea,marsaeus,mothone,MJ98.2079-v_Ant_g,1189364.0,846.5617,942.0,14.6573,269261513417.0,161504384377913.0,1.0495298687043e+17,0.5051,0.54564,0.5785899999999999
MJ98.2082,d,Ant,d,f,Ithomiinae,Melinaea,marsaeus,mothone,MJ98.2082-d_Ant_d,1117791.0,820.9747,917.0,14.7903,244315429717.0,143385764043037.0,9.1123180334334e+16,0.50983,0.54998,0.5827
MJ98.2082,d,Ant,g,f,Ithomiinae,Melinaea,marsaeus,mothone,MJ98.2082-d_Ant_g,1126038.0,818.0119,916.0,14.6872,241145106455.0,140524041656811.0,8.87541726667341e+16,0.5052,0.54555,0.57845
MJ98.2082,v,Ant,d,f,Ithomiinae,Melinaea,marsaeus,mothone,MJ98.2082-v_Ant_d,1132610.0,820.118,919.0,9.8596,242622401199.0,141568224622151.0,8.95584895674596e+16,0.50363,0.54406,0.57702
MJ98.2082,v,Ant,g,f,Ithomiinae,Melinaea,marsaeus,mothone,MJ98.2082-v_Ant_g,1116836.0,820.7876,916.0,38.6037,244225271781.0,143352245019503.0,9.11186978842615e+16,0.51051,0.55069,0.5834600000000001
MJ98.2165,d,Ant,d,f,Ithomiinae,Melinaea,marsaeus,phasiana,MJ98.2165-d_Ant_d,927223.0,754.77,830.0,1.8955,163373428556.0,87028154123272.0,5.03133487821083e+16,0.50573,0.5475399999999999,0.5815
MJ98.2165,d,Ant,g,f,Ithomiinae,Melinaea,marsaeus,phasiana,MJ98.2165-d_Ant_g,940065.0,764.0482,841.0,-10.9322,168461423321.0,90591566223481.0,5.2858423684071e+16,0.50336,0.54515,0.57902
MJ98.2165,v,Ant,d,f,Ithomiinae,Melinaea,marsaeus,phasiana,MJ98.2165-v_Ant_d,941759.0,764.0002,840.0,-14.6888,168587389765.0,90626181703741.0,5.2858859933167e+16,0.50369,0.5455399999999999,0.57945
MJ98.2165,v,Ant,g,f,Ithomiinae,Melinaea,marsaeus,phasiana,MJ98.2165-v_Ant_g,926996.0,754.2644,828.0,-26.4956,162862613534.0,86645039555384.0,5.00241129848327e+16,0.50622,0.5481,0.5821
MJ99.0002,d,Ant,g,f,Heliconiinae,Heliconius,numata,tarapotensis,MJ99.0002-d_Ant_g,834556.0,713.9566,778.0,-29.4687,130773239663.0,65687652074265.0,3.57709163293243e+16,0.50881,0.55085,0.5848399999999999
MJ99.0013,d,Ant,d,f,Heliconiinae,Heliconius,numata,tarapotensis,MJ99.0013-d_Ant_d,1093378.0,833.5844,909.0,38.1724,237324259757.0,139582152503069.0,8.88084172830632e+16,0.51253,0.55393,0.5873
MJ99.0024,d,Ant,d,m,Ithomiinae,Melinaea,marsaeus,mothone,MJ99.0024-d_Ant_d,1083136.0,815.6592,916.0,-37.2448,213251461302.0,121604390219804.0,7.56615901214104e+16,0.48441000000000006,0.52666,0.56125
MJ99.0024,d,Ant,g,m,Ithomiinae,Melinaea,marsaeus,mothone,MJ99.0024-d_Ant_g,1090537.0,813.5291,915.0,-37.4201,213747002486.0,121630963035686.0,7.55287774316154e+16,0.48385,0.5260699999999999,0.56066
MJ99.0024,v,Ant,d,m,Ithomiinae,Melinaea,marsaeus,mothone,MJ99.0024-v_Ant_d,1092338.0,813.5006,914.0,-40.566,214211105311.0,121899490538055.0,7.5686780445878e+16,0.4845,0.52675,0.56133
MJ99.0024,v,Ant,g,m,Ithomiinae,Melinaea,marsaeus,mothone,MJ99.0024-v_Ant_g,1085008.0,814.7806,916.0,-38.8723,213169999013.0,121407063812969.0,7.5437789475121e+16,0.48389,0.5260699999999999,0.5605899999999999
MJ99.0033,d,Ant,d,f,Heliconiinae,Heliconius,numata,tarapotensis,MJ99.0033-d_Ant_d,752240.0,677.5845,741.0,-13.7418,108326941470.0,51907181756942.0,2.69305791064017e+16,0.51212,0.55353,0.58702
MJ99.0036,d,Ant,d,f,Heliconiinae,Heliconius,numata,arcuella,MJ99.0036-d_Ant_d,846573.0,730.2396,804.0,-25.9577,137800711519.0,70779632974881.0,3.95060877829614e+16,0.5018100000000001,0.54387,0.57809
MJ99.0044,d,Ant,d,m,Heliconiinae,Heliconius,numata,arcuella,MJ99.0044-d_Ant_d,887224.0,746.9934,820.0,-34.3158,158501457709.0,84216861824615.0,4.83905127348004e+16,0.51545,0.5563,0.58934
MJ99.0048,d,Ant,d,f,Heliconiinae,Heliconius,numata,tarapotensis,MJ99.0048-d_Ant_d,1135321.0,845.4782,925.0,-14.9338,244149413912.0,144335202551060.0,9.26265915329091e+16,0.50133,0.5436,0.5777800000000001
MJ99.0049,d,Ant,g,f,Heliconiinae,Heliconius,numata,tarapotensis,MJ99.0049-d_Ant_g,996717.0,787.2691,866.0,-20.8456,189936685771.0,105309202928963.0,6.33966915806269e+16,0.50408,0.5459,0.5799
MJ99.0053,d,Ant,g,f,Heliconiinae,Heliconius,numata,tarapotensis,MJ99.0053-d_Ant_g,1110212.0,833.8366,914.0,-23.3311,235923560941.0,138325491953421.0,8.8061423684498e+16,0.50436,0.54645,0.58063
MJ99.0055,d,Ant,d,f,Heliconiinae,Heliconius,numata,arcuella,MJ99.0055-d_Ant_d,1108711.0,821.5637,898.0,-9.1116,234011102661.0,135724252383677.0,8.52087712749965e+16,0.5116,0.55293,0.58633
MJ99.0056,d,Ant,g,m,Heliconiinae,Heliconius,numata,arcuella,MJ99.0056-d_Ant_g,1070597.0,823.528,892.0,-38.2917,222820702678.0,128934352961818.0,8.07986901523251e+16,0.51145,0.5536300000000001,0.5876
MJ99.0060,d,Ant,g,f,Heliconiinae,Heliconius,numata,silvana,MJ99.0060-d_Ant_g,941556.0,751.8185,829.0,-18.0554,162080186480.0,85532999547254.0,4.89651931685314e+16,0.50048,0.5422600000000001,0.57604
MJ99.0061,d,Ant,d,f,Heliconiinae,Heliconius,numata,silvana,MJ99.0061-d_Ant_d,1086846.0,815.6295,893.0,-41.0611,217258492097.0,124063466212887.0,7.69920030876012e+16,0.50067,0.54322,0.57772
MJ99.0063,d,Ant,d,m,Heliconiinae,Heliconius,numata,silvana,MJ99.0063-d_Ant_d,1064510.0,811.2232,880.0,-47.7714,211207347590.0,119823164560396.0,7.36607315661831e+16,0.50617,0.54867,0.5828300000000001
MJ99.0064,d,Ant,g,f,Heliconiinae,Heliconius,numata,silvana,MJ99.0064-d_Ant_g,669751.0,641.0005,701.0,-16.0595,84026125477.0,37817715178371.0,1.84535273573264e+16,0.5052800000000001,0.54728,0.5812
MJ99.0065,d,Ant,d,f,Heliconiinae,Heliconius,numata,silvana,MJ99.0065-d_Ant_d,1047356.0,808.2353,883.0,-39.7547,207474574533.0,117631914469053.0,7.24033818786556e+16,0.50405,0.5464100000000001,0.5807
MJ99.0067,d,Ant,g,f,Heliconiinae,Heliconius,numata,silvana,MJ99.0067-d_Ant_g,893308.0,742.1616,819.0,-7.9605,149624022485.0,77974675700165.0,4.4132024023025e+16,0.49971000000000004,0.5416300000000001,0.5756399999999999
MJ99.0068,d,Ant,g,m,Heliconiinae,Heliconius,numata,silvana,MJ99.0068-d_Ant_g,1108390.0,826.0262,886.0,-54.8375,227856916789.0,131400262704733.0,8.19870767915477e+16,0.51174,0.5544600000000001,0.5886100000000001
MJ99.0069,d,Ant,d,m,Heliconiinae,Heliconius,numata,silvana,MJ99.0069-d_Ant_d,1066920.0,814.8715,886.0,-49.7332,217162914687.0,124302205643001.0,7.70510612841541e+16,0.50921,0.55125,0.5851
MJ99.0070,d,Ant,d,m,Heliconiinae,Heliconius,numata,silvana,MJ99.0070-d_Ant_d,1036722.0,809.1436,885.0,-59.0578,204066104408.0,115443960319580.0,7.08621707004766e+16,0.50132,0.54362,0.57776
MJ99.0071,d,Ant,d,m,Heliconiinae,Heliconius,numata,silvana,MJ99.0071-d_Ant_d,986397.0,776.0493,837.0,-32.1553,178819681475.0,96891435874783.0,5.68389176670635e+16,0.50869,0.55125,0.58536
MJ99.0072,v,Ant,g,m,Heliconiinae,Heliconius,numata,silvana,MJ99.0072-v_Ant_g,929270.0,747.8782,814.0,-36.8532,156744343164.0,81899519297492.0,4.63504486165542e+16,0.50455,0.54671,0.58057
MJ99.0073,d,Ant,g,m,Heliconiinae,Heliconius,numata,silvana,MJ99.0073-d_Ant_g,997973.0,778.6416,846.0,-72.5137,183696353529.0,100224117585691.0,5.92334126482693e+16,0.50713,0.54943,0.58343
MJ99.0075,d,Ant,g,f,Heliconiinae,Heliconius,numata,aurora,MJ99.0075-d_Ant_g,1009289.0,799.6981,875.0,-19.7935,193543876049.0,108286273333333.0,6.58619475645318e+16,0.50047,0.54306,0.57763
MJ99.0077,d,Ant,g,f,Heliconiinae,Heliconius,numata,arcuella,MJ99.0077-d_Ant_g,1099669.0,834.3732,912.0,-12.9899,237049383151.0,139255724429945.0,8.85682074329371e+16,0.5090899999999999,0.55062,0.58413
MJ99.0079,d,Ant,g,m,Heliconiinae,Heliconius,numata,aurora,MJ99.0079-d_Ant_g,1040371.0,793.7673,871.0,-24.1446,204068785219.0,114189716925403.0,6.91190115128989e+16,0.50848,0.5497,0.5828899999999999
MJ99.0080,d,Ant,d,m,Heliconiinae,Heliconius,numata,aurora,MJ99.0080-d_Ant_d,1070945.0,826.7823,901.0,-57.6419,222685507876.0,129308654507656.0,8.14789673683511e+16,0.5061,0.54857,0.5829
MJ99.0081,d,Ant,g,m,Heliconiinae,Heliconius,numata,aurora,MJ99.0081-d_Ant_g,1094424.0,819.5408,899.0,-27.9171,229668816022.0,133078625921118.0,8.35349524394125e+16,0.50956,0.55108,0.58467
MJ99.0082,d,Ant,d,m,Heliconiinae,Heliconius,numata,aurora,MJ99.0082-d_Ant_d,1065171.0,815.4057,885.0,-76.584,216741950956.0,124224250680090.0,7.71715673204456e+16,0.5097,0.55206,0.58623
MJ99.0084,d,Ant,g,m,Heliconiinae,Heliconius,numata,aurora,MJ99.0084-d_Ant_g,1147568.0,845.3094,916.0,-66.2176,251808956852.0,149458994409056.0,9.59756248907828e+16,0.51139,0.55337,0.58708
MJ99.0085,d,Ant,d,m,Heliconiinae,Heliconius,numata,aurora,MJ99.0085-d_Ant_d,1057316.0,823.3288,890.0,-89.6613,213523467944.0,122702554893342.0,7.65483401646984e+16,0.50493,0.54806,0.5828300000000001
MJ99.0088,d,Ant,d,m,Heliconiinae,Heliconius,numata,silvana,MJ99.0088-d_Ant_d,1030982.0,794.8533,869.0,-15.1206,202335615703.0,113287570942869.0,6.8611652417279e+16,0.50979,0.55118,0.58448
MJ99.0089,d,Ant,g,m,Heliconiinae,Heliconius,numata,silvana,MJ99.0089-d_Ant_g,1068486.0,809.6981,885.0,-55.2304,211384329241.0,119708799399477.0,7.35025740315758e+16,0.50258,0.54472,0.57868
MJ99.0090,d,Ant,d,m,Heliconiinae,Heliconius,numata,aurora,MJ99.0090-d_Ant_d,1066432.0,817.8068,894.0,-59.0582,217664742442.0,124845529333538.0,7.75839552101558e+16,0.50535,0.5472,0.5809300000000001
MJ99.0092,d,Ant,g,m,Heliconiinae,Heliconius,numata,silvana,MJ99.0092-d_Ant_g,926160.0,744.7463,805.0,-32.476,157052680359.0,81974376938291.0,4.62876293434893e+16,0.51154,0.55361,0.58735
MJ99.0101,d,Ant,d,f,Heliconiinae,Heliconius,numata,silvana,MJ99.0101-d_Ant_d,925700.0,758.4623,833.0,-32.4485,162987450226.0,87007250810992.0,5.04404059906922e+16,0.50373,0.54582,0.58001
MJ99.0104,d,Ant,g,f,Heliconiinae,Heliconius,numata,aurora,MJ99.0104-d_Ant_g,855695.0,742.4184,807.0,-12.0006,146517963635.0,76722529426375.0,4.35137312775136e+16,0.51276,0.55462,0.58844
MJ99.0105,d,Ant,d,f,Heliconiinae,Heliconius,numata,aurora,MJ99.0105-d_Ant_d,1013814.0,820.5063,892.0,-32.493,208409056229.0,120305633082373.0,7.54208119939642e+16,0.5082899999999999,0.55091,0.58549
MJ99.0107,d,Ant,g,m,Heliconiinae,Heliconius,numata,tarapotensis,MJ99.0107-d_Ant_g,962380.0,763.0895,832.0,22.3062,173637837319.0,93247828191541.0,5.41551270358854e+16,0.51054,0.55204,0.5854
MJ99.0111,d,Ant,d,f,Heliconiinae,Heliconius,numata,bicoloratus,MJ99.0111-d_Ant_d,1077210.0,810.3758,903.0,16.0408,222445675334.0,127721830294682.0,7.95499022551619e+16,0.5032399999999999,0.54404,0.57729
MJ99.0121,d,Ant,g,f,Heliconiinae,Heliconius,numata,tarapotensis,MJ99.0121-d_Ant_g,1184214.0,869.0182,952.0,-19.5528,281366692331.0,173217553805895.0,1.15554920674673e+17,0.51202,0.5534600000000001,0.58709
MJ99.0129,d,Ant,g,f,Heliconiinae,Heliconius,numata,arcuella,MJ99.0129-d_Ant_g,1079586.0,825.4109,909.0,-18.1856,228347585133.0,133056299555961.0,8.40926951666857e+16,0.50595,0.54747,0.58118
MJ99.0132,d,Ant,d,f,Heliconiinae,Heliconius,numata,aurora,MJ99.0132-d_Ant_d,1097746.0,840.8148,913.0,-23.0788,238389699750.0,140839521836786.0,9.01290104117808e+16,0.51041,0.55242,0.5863
MJ99.0134,d,Ant,g,m,Heliconiinae,Heliconius,numata,arcuella,MJ99.0134-d_Ant_g,1083130.0,820.2463,897.0,-53.3339,226890810749.0,131431499874195.0,8.24996467596251e+16,0.5102399999999999,0.55193,0.58567
MJ99.0155,d,Ant,g,m,Heliconiinae,Heliconius,numata,silvana,MJ99.0155-d_Ant_g,1178972.0,845.1139999999999,925.0,-57.4233,256889265020.0,152506105525662.0,9.82046157891722e+16,0.50464,0.54675,0.58078
MJ99.0159,d,Ant,d,f,Heliconiinae,Heliconius,numata,tarapotensis,MJ99.0159-d_Ant_d,1170200.0,866.9093,959.0,-35.2586,265399901687.0,161485433028917.0,1.06960586284263e+17,0.49659,0.53886,0.57335
MJ99.0178,d,Ant,d,m,Heliconiinae,Heliconius,numata,silvana,MJ99.0178-d_Ant_d,936419.0,733.9669,792.0,-56.2276,152909457614.0,78544545185436.0,4.3688849793299e+16,0.51022,0.5527,0.58681
MJ99.0191,d,Ant,d,f,Ithomiinae,Melinaea,marsaeus,phasiana,MJ99.0191-d_Ant_d,989876.0,793.0382,877.0,13.2138,189948883932.0,105895206426248.0,6.41760845618618e+16,0.49949,0.5412899999999999,0.5753699999999999
MJ99.0191,d,Ant,g,f,Ithomiinae,Melinaea,marsaeus,phasiana,MJ99.0191-d_Ant_g,997052.0,807.0364,888.0,-7.8197,197449965800.0,111936544790976.0,6.89731223773487e+16,0.5011399999999999,0.5432600000000001,0.57753
MJ99.0191,v,Ant,d,f,Ithomiinae,Melinaea,marsaeus,phasiana,MJ99.0191-v_Ant_d,1001476.0,807.9680000000001,889.0,-7.2933,198812336994.0,112831045349550.0,6.95905198032619e+16,0.5011899999999999,0.54328,0.57753
MJ99.0191,v,Ant,g,f,Ithomiinae,Melinaea,marsaeus,phasiana,MJ99.0191-v_Ant_g,991747.0,791.8776,876.0,15.1395,190252215236.0,105991163979376.0,6.41823049598225e+16,0.49999,0.54173,0.57577
MJ99.0192,d,Ant,d,m,Ithomiinae,Melinaea,marsaeus,phasiana,MJ99.0192-d_Ant_d,1018396.0,786.7257,863.0,4.2522,196360294621.0,109006620451607.0,6.55504815471094e+16,0.50881,0.55018,0.58365
MJ99.0192,d,Ant,g,m,Ithomiinae,Melinaea,marsaeus,phasiana,MJ99.0192-d_Ant_g,1017161.0,787.6077,867.0,11.4138,199284613313.0,111192815063685.0,6.71701225954524e+16,0.51053,0.5515,0.5846899999999999
MJ99.0192,v,Ant,d,m,Ithomiinae,Melinaea,marsaeus,phasiana,MJ99.0192-v_Ant_d,1018299.0,788.55,866.0,7.4374,199576150324.0,111430221589552.0,6.73636163805818e+16,0.51121,0.55232,0.58563
MJ99.0192,v,Ant,g,m,Ithomiinae,Melinaea,marsaeus,phasiana,MJ99.0192-v_Ant_g,1020980.0,787.8617,864.0,3.8226,197292162148.0,109684531443910.0,6.60691819990997e+16,0.50878,0.5502100000000001,0.5837600000000001
MJ99.0193,d,Ant,d,f,Ithomiinae,Melinaea,marsaeus,phasiana,MJ99.0193-d_Ant_d,990484.0,794.2107,883.0,5.8825,188891864344.0,105139150469472.0,6.36151445091751e+16,0.49456000000000006,0.53622,0.57012
MJ99.0193,d,Ant,g,f,Ithomiinae,Melinaea,marsaeus,phasiana,MJ99.0193-d_Ant_g,919327.0,742.7981,843.0,-24.5367,150440485148.0,77870863431324.0,4.38374831068821e+16,0.47986999999999996,0.5209600000000001,0.55433
MJ99.0193,v,Ant,d,f,Ithomiinae,Melinaea,marsaeus,phasiana,MJ99.0193-v_Ant_d,926347.0,748.0385,848.0,-28.2862,153179465204.0,79794270192108.0,4.52245516898683e+16,0.47953,0.5208,0.5543100000000001
MJ99.0193,v,Ant,g,f,Ithomiinae,Melinaea,marsaeus,phasiana,MJ99.0193-v_Ant_g,995182.0,796.2072,886.0,-17.8741,189789511371.0,105760616591521.0,6.4082951355942e+16,0.49288999999999994,0.53461,0.5685600000000001
MJ99.0195,d,Ant,d,f,Ithomiinae,Melinaea,marsaeus,mothone,MJ99.0195-d_Ant_d,1027684.0,804.4419,891.0,-32.4613,203766055000.0,115574136110160.0,7.13214852614599e+16,0.49976000000000004,0.54174,0.57605
MJ99.0195,d,Ant,g,f,Ithomiinae,Melinaea,marsaeus,mothone,MJ99.0195-d_Ant_g,1036488.0,803.6341,891.0,-26.5173,204669681703.0,115773686131349.0,7.11995372961242e+16,0.49873,0.54051,0.57458
MJ99.0195,v,Ant,d,f,Ithomiinae,Melinaea,marsaeus,mothone,MJ99.0195-v_Ant_d,1038391.0,804.3114,891.0,-32.4521,205051427442.0,116033758885682.0,7.1391950700001e+16,0.49873999999999996,0.5405800000000001,0.5747
MJ99.0195,v,Ant,g,f,Ithomiinae,Melinaea,marsaeus,mothone,MJ99.0195-v_Ant_g,1026223.0,803.4563,889.0,-28.6,203484820376.0,115356047340340.0,7.11426067493256e+16,0.50089,0.54287,0.57719
MJ99.0196,d,Ant,d,f,Ithomiinae,Melinaea,marsaeus,phasiana,MJ99.0196-d_Ant_d,1005191.0,791.3108,877.0,0.5725399999999999,195608027422.0,109312687237670.0,6.62715685637275e+16,0.503,0.5442600000000001,0.5777899999999999
MJ99.0196,d,Ant,g,f,Ithomiinae,Melinaea,marsaeus,phasiana,MJ99.0196-d_Ant_g,999387.0,790.0812,879.0,9.5358,196740592592.0,110199600869180.0,6.69104779056057e+16,0.5047699999999999,0.5455399999999999,0.5787
MJ99.0196,v,Ant,d,f,Ithomiinae,Melinaea,marsaeus,phasiana,MJ99.0196-v_Ant_d,1006119.0,791.5197,880.0,7.8319,197980528623.0,110958479216105.0,6.74159433083563e+16,0.5040899999999999,0.54495,0.57816
MJ99.0196,v,Ant,g,f,Ithomiinae,Melinaea,marsaeus,phasiana,MJ99.0196-v_Ant_g,1009928.0,792.5561,878.0,0.23066,196930344464.0,110172804895264.0,6.68613240588456e+16,0.5029399999999999,0.5442100000000001,0.57773
MJ99.0217,d,Ant,d,m,Ithomiinae,Melinaea,marsaeus,phasiana,MJ99.0217-d_Ant_d,839088.0,708.7674,779.0,-14.0058,126690141428.0,62893926376820.0,3.39420604702797e+16,0.4988,0.54125,0.5757
MJ99.0217,d,Ant,g,m,Ithomiinae,Melinaea,marsaeus,phasiana,MJ99.0217-d_Ant_g,835236.0,709.9792,782.0,-4.9066,127308888500.0,63430361677722.0,3.43588109328831e+16,0.49925,0.5415300000000001,0.5759
MJ99.0217,v,Ant,d,m,Ithomiinae,Melinaea,marsaeus,phasiana,MJ99.0217-v_Ant_d,838073.0,709.5849,781.0,-6.8549,127710657356.0,63606764969912.0,3.44350663219117e+16,0.49983,0.5421100000000001,0.5764699999999999
MJ99.0217,v,Ant,g,m,Ithomiinae,Melinaea,marsaeus,phasiana,MJ99.0217-v_Ant_g,840352.0,707.9015,777.0,-13.9187,126203139465.0,62517026460173.0,3.36647263756244e+16,0.49875,0.54128,0.5757800000000001
