,harvestTime,BikeID,by_hour,battery,EBikeState,EBikeStateID,battery_status,battery_status_id
0,2021-04-30 00:00:02,5,0,70,Normal,2,PERFECT,0
1,2021-04-30 00:00:02,6,0,62,Normal,2,PERFECT,0
2,2021-04-30 00:00:02,7,0,66,Normal,2,PERFECT,0
3,2021-04-30 00:00:02,8,0,70,Normal,2,PERFECT,0
4,2021-04-30 00:00:02,9,0,75,Normal,2,PERFECT,0
5,2021-04-30 00:00:02,10,0,72,Normal,2,PERFECT,0
6,2021-04-30 00:00:02,12,0,65,Normal,2,PERFECT,0
7,2021-04-30 00:00:02,13,0,77,Normal,2,PERFECT,0
8,2021-04-30 00:00:02,14,0,46,Normal,2,GOOD,1
9,2021-04-30 00:00:02,16,0,0,Normal,2,DEAD,3
10,2021-04-30 00:00:02,17,0,48,Normal,2,GOOD,1
11,2021-04-30 00:00:02,18,0,47,Normal,2,GOOD,1
12,2021-04-30 00:00:02,19,0,80,Normal,2,PERFECT,0
13,2021-04-30 00:00:02,20,0,76,Normal,2,PERFECT,0
14,2021-04-30 00:00:02,21,0,77,Normal,2,PERFECT,0
15,2021-04-30 00:00:02,22,0,67,Normal,2,PERFECT,0
16,2021-04-30 00:00:02,25,0,0,Normal,2,DEAD,3
17,2021-04-30 00:00:02,26,0,88,Normal,2,PERFECT,0
18,2021-04-30 00:00:02,27,0,53,Normal,2,GOOD,1
19,2021-04-30 00:00:02,30,0,67,Normal,2,PERFECT,0
20,2021-04-30 00:00:02,31,0,42,Normal,2,GOOD,1
21,2021-04-30 00:00:02,33,0,60,Normal,2,GOOD,1
22,2021-04-30 00:00:02,35,0,47,Normal,2,GOOD,1
23,2021-04-30 00:00:02,41,0,82,Normal,2,PERFECT,0
24,2021-04-30 00:00:02,42,0,77,Normal,2,PERFECT,0
25,2021-04-30 00:00:02,43,0,81,Normal,2,PERFECT,0
26,2021-04-30 00:00:02,44,0,0,Normal,2,DEAD,3
27,2021-04-30 00:00:02,45,0,80,Normal,2,PERFECT,0
28,2021-04-30 00:00:02,48,0,80,Normal,2,PERFECT,0
29,2021-04-30 00:00:02,50,0,43,Normal,2,GOOD,1
30,2021-04-30 00:00:02,52,0,64,Normal,2,PERFECT,0
31,2021-04-30 00:00:02,53,0,47,Normal,2,GOOD,1
32,2021-04-30 00:00:02,55,0,53,Normal,2,GOOD,1
33,2021-04-30 00:00:02,56,0,66,Normal,2,PERFECT,0
34,2021-04-30 00:00:02,59,0,40,Normal,2,GOOD,1
35,2021-04-30 00:00:02,60,0,30,Normal,2,GOOD,1
36,2021-04-30 00:00:02,61,0,33,Normal,2,GOOD,1
37,2021-04-30 00:00:02,63,0,37,Normal,2,GOOD,1
38,2021-04-30 00:00:02,66,0,63,Normal,2,PERFECT,0
39,2021-04-30 00:00:02,69,0,48,Normal,2,GOOD,1
40,2021-04-30 00:00:02,71,0,36,Normal,2,GOOD,1
41,2021-04-30 00:00:02,73,0,57,Normal,2,GOOD,1
42,2021-04-30 00:00:02,74,0,75,Normal,2,PERFECT,0
43,2021-04-30 00:00:02,75,0,67,Normal,2,PERFECT,0
44,2021-04-30 00:00:02,76,0,77,Normal,2,PERFECT,0
45,2021-04-30 00:00:02,80,0,74,Normal,2,PERFECT,0
46,2021-04-30 00:00:02,82,0,78,Normal,2,PERFECT,0
47,2021-04-30 00:00:02,83,0,48,Normal,2,GOOD,1
48,2021-04-30 00:00:02,85,0,67,Normal,2,PERFECT,0
49,2021-04-30 00:00:02,86,0,86,Normal,2,PERFECT,0
50,2021-04-30 00:00:02,87,0,43,Normal,2,GOOD,1
51,2021-04-30 00:00:02,90,0,45,Normal,2,GOOD,1
52,2021-04-30 00:00:02,92,0,80,Normal,2,PERFECT,0
53,2021-04-30 00:00:02,93,0,93,Normal,2,PERFECT,0
54,2021-04-30 00:00:02,94,0,66,Normal,2,PERFECT,0
55,2021-04-30 00:00:02,95,0,45,Normal,2,GOOD,1
56,2021-04-30 00:00:02,96,0,70,Normal,2,PERFECT,0
57,2021-04-30 00:00:02,99,0,47,Normal,2,GOOD,1
58,2021-04-30 00:00:02,102,0,87,Normal,2,PERFECT,0
59,2021-04-30 00:00:02,103,0,65,Normal,2,PERFECT,0
60,2021-04-30 00:00:02,104,0,81,Normal,2,PERFECT,0
61,2021-04-30 00:00:02,106,0,80,Normal,2,PERFECT,0
62,2021-04-30 00:00:02,111,0,68,Normal,2,PERFECT,0
63,2021-04-30 00:00:02,114,0,80,Normal,2,PERFECT,0
64,2021-04-30 00:00:02,116,0,44,Normal,2,GOOD,1
65,2021-04-30 00:00:02,117,0,41,Normal,2,GOOD,1
66,2021-04-30 00:00:02,120,0,47,Normal,2,GOOD,1
67,2021-04-30 00:00:02,124,0,77,Laying on the ground,5,PERFECT,0
68,2021-04-30 00:05:02,5,0,70,Normal,2,PERFECT,0
69,2021-04-30 00:05:02,6,0,62,Normal,2,PERFECT,0
70,2021-04-30 00:05:02,7,0,66,Normal,2,PERFECT,0
71,2021-04-30 00:05:02,8,0,70,Normal,2,PERFECT,0
72,2021-04-30 00:05:02,9,0,75,Normal,2,PERFECT,0
73,2021-04-30 00:05:02,10,0,72,Normal,2,PERFECT,0
74,2021-04-30 00:05:02,12,0,65,Normal,2,PERFECT,0
75,2021-04-30 00:05:02,13,0,77,Normal,2,PERFECT,0
76,2021-04-30 00:05:02,14,0,46,Normal,2,GOOD,1
77,2021-04-30 00:05:02,16,0,0,Normal,2,DEAD,3
78,2021-04-30 00:05:02,17,0,48,Normal,2,GOOD,1
79,2021-04-30 00:05:02,18,0,47,Normal,2,GOOD,1
80,2021-04-30 00:05:02,19,0,80,Normal,2,PERFECT,0
81,2021-04-30 00:05:02,20,0,76,Normal,2,PERFECT,0
82,2021-04-30 00:05:02,21,0,77,Normal,2,PERFECT,0
83,2021-04-30 00:05:02,22,0,67,Normal,2,PERFECT,0
84,2021-04-30 00:05:02,25,0,0,Normal,2,DEAD,3
85,2021-04-30 00:05:02,26,0,88,Normal,2,PERFECT,0
86,2021-04-30 00:05:02,27,0,53,Normal,2,GOOD,1
87,2021-04-30 00:05:02,30,0,67,Normal,2,PERFECT,0
88,2021-04-30 00:05:02,31,0,42,Normal,2,GOOD,1
89,2021-04-30 00:05:02,33,0,60,Normal,2,GOOD,1
90,2021-04-30 00:05:02,35,0,47,Normal,2,GOOD,1
91,2021-04-30 00:05:02,41,0,82,Normal,2,PERFECT,0
92,2021-04-30 00:05:02,42,0,77,Normal,2,PERFECT,0
93,2021-04-30 00:05:02,43,0,81,Normal,2,PERFECT,0
94,2021-04-30 00:05:02,44,0,0,Normal,2,DEAD,3
95,2021-04-30 00:05:02,45,0,80,Normal,2,PERFECT,0
96,2021-04-30 00:05:02,48,0,80,Normal,2,PERFECT,0
97,2021-04-30 00:05:02,50,0,41,Normal,2,GOOD,1
98,2021-04-30 00:05:02,52,0,64,Normal,2,PERFECT,0
99,2021-04-30 00:05:02,53,0,47,Normal,2,GOOD,1
100,2021-04-30 00:05:02,55,0,53,Normal,2,GOOD,1
101,2021-04-30 00:05:02,56,0,66,Normal,2,PERFECT,0
102,2021-04-30 00:05:02,59,0,40,Normal,2,GOOD,1
103,2021-04-30 00:05:02,60,0,30,Normal,2,GOOD,1
104,2021-04-30 00:05:02,61,0,33,Normal,2,GOOD,1
105,2021-04-30 00:05:02,63,0,37,Normal,2,GOOD,1
106,2021-04-30 00:05:02,66,0,63,Normal,2,PERFECT,0
107,2021-04-30 00:05:02,69,0,48,Normal,2,GOOD,1
108,2021-04-30 00:05:02,71,0,36,Normal,2,GOOD,1
109,2021-04-30 00:05:02,73,0,57,Normal,2,GOOD,1
110,2021-04-30 00:05:02,74,0,75,Normal,2,PERFECT,0
111,2021-04-30 00:05:02,75,0,67,Normal,2,PERFECT,0
112,2021-04-30 00:05:02,76,0,77,Normal,2,PERFECT,0
113,2021-04-30 00:05:02,80,0,74,Normal,2,PERFECT,0
114,2021-04-30 00:05:02,82,0,78,Normal,2,PERFECT,0
115,2021-04-30 00:05:02,83,0,48,Normal,2,GOOD,1
116,2021-04-30 00:05:02,85,0,67,Normal,2,PERFECT,0
117,2021-04-30 00:05:02,86,0,86,Normal,2,PERFECT,0
118,2021-04-30 00:05:02,87,0,43,Normal,2,GOOD,1
119,2021-04-30 00:05:02,90,0,45,Normal,2,GOOD,1
120,2021-04-30 00:05:02,92,0,80,Normal,2,PERFECT,0
121,2021-04-30 00:05:02,93,0,93,Normal,2,PERFECT,0
122,2021-04-30 00:05:02,94,0,66,Normal,2,PERFECT,0
123,2021-04-30 00:05:02,95,0,45,Normal,2,GOOD,1
124,2021-04-30 00:05:02,96,0,70,Normal,2,PERFECT,0
125,2021-04-30 00:05:02,99,0,47,Normal,2,GOOD,1
126,2021-04-30 00:05:02,102,0,87,Normal,2,PERFECT,0
127,2021-04-30 00:05:02,103,0,65,Normal,2,PERFECT,0
128,2021-04-30 00:05:02,104,0,81,Normal,2,PERFECT,0
129,2021-04-30 00:05:02,106,0,80,Normal,2,PERFECT,0
130,2021-04-30 00:05:02,111,0,68,Normal,2,PERFECT,0
131,2021-04-30 00:05:02,114,0,80,Normal,2,PERFECT,0
132,2021-04-30 00:05:02,116,0,44,Normal,2,GOOD,1
133,2021-04-30 00:05:02,117,0,41,Normal,2,GOOD,1
134,2021-04-30 00:05:02,120,0,47,Normal,2,GOOD,1
135,2021-04-30 00:05:02,124,0,77,Laying on the ground,5,PERFECT,0
136,2021-04-30 00:10:02,5,0,70,Normal,2,PERFECT,0
137,2021-04-30 00:10:02,6,0,62,Normal,2,PERFECT,0
138,2021-04-30 00:10:02,7,0,66,Normal,2,PERFECT,0
139,2021-04-30 00:10:02,8,0,70,Normal,2,PERFECT,0
140,2021-04-30 00:10:02,9,0,75,Normal,2,PERFECT,0
141,2021-04-30 00:10:02,10,0,72,Normal,2,PERFECT,0
142,2021-04-30 00:10:02,12,0,65,Normal,2,PERFECT,0
143,2021-04-30 00:10:02,13,0,77,Normal,2,PERFECT,0
144,2021-04-30 00:10:02,14,0,46,Normal,2,GOOD,1
145,2021-04-30 00:10:02,16,0,0,Normal,2,DEAD,3
146,2021-04-30 00:10:02,17,0,48,Normal,2,GOOD,1
147,2021-04-30 00:10:02,18,0,47,Normal,2,GOOD,1
148,2021-04-30 00:10:02,19,0,80,Normal,2,PERFECT,0
149,2021-04-30 00:10:02,20,0,76,Normal,2,PERFECT,0
150,2021-04-30 00:10:02,21,0,77,Normal,2,PERFECT,0
151,2021-04-30 00:10:02,22,0,67,Normal,2,PERFECT,0
152,2021-04-30 00:10:02,25,0,0,Normal,2,DEAD,3
153,2021-04-30 00:10:02,26,0,88,Normal,2,PERFECT,0
154,2021-04-30 00:10:02,27,0,53,Normal,2,GOOD,1
155,2021-04-30 00:10:02,30,0,67,Normal,2,PERFECT,0
156,2021-04-30 00:10:02,31,0,42,Normal,2,GOOD,1
157,2021-04-30 00:10:02,33,0,60,Normal,2,GOOD,1
158,2021-04-30 00:10:02,35,0,47,Normal,2,GOOD,1
159,2021-04-30 00:10:02,41,0,82,Normal,2,PERFECT,0
160,2021-04-30 00:10:02,42,0,77,Normal,2,PERFECT,0
161,2021-04-30 00:10:02,43,0,81,Normal,2,PERFECT,0
162,2021-04-30 00:10:02,44,0,0,Normal,2,DEAD,3
163,2021-04-30 00:10:02,45,0,80,Normal,2,PERFECT,0
164,2021-04-30 00:10:02,48,0,80,Normal,2,PERFECT,0
165,2021-04-30 00:10:02,50,0,41,Normal,2,GOOD,1
166,2021-04-30 00:10:02,52,0,64,Normal,2,PERFECT,0
167,2021-04-30 00:10:02,53,0,47,Normal,2,GOOD,1
168,2021-04-30 00:10:02,55,0,53,Normal,2,GOOD,1
169,2021-04-30 00:10:02,56,0,66,Normal,2,PERFECT,0
170,2021-04-30 00:10:02,59,0,40,Normal,2,GOOD,1
171,2021-04-30 00:10:02,60,0,30,Normal,2,GOOD,1
172,2021-04-30 00:10:02,61,0,33,Normal,2,GOOD,1
173,2021-04-30 00:10:02,63,0,37,Normal,2,GOOD,1
174,2021-04-30 00:10:02,66,0,63,Normal,2,PERFECT,0
175,2021-04-30 00:10:02,69,0,48,Normal,2,GOOD,1
176,2021-04-30 00:10:02,71,0,36,Normal,2,GOOD,1
177,2021-04-30 00:10:02,73,0,57,Normal,2,GOOD,1
178,2021-04-30 00:10:02,74,0,75,Normal,2,PERFECT,0
179,2021-04-30 00:10:02,75,0,67,Normal,2,PERFECT,0
180,2021-04-30 00:10:02,76,0,77,Normal,2,PERFECT,0
181,2021-04-30 00:10:02,80,0,74,Normal,2,PERFECT,0
182,2021-04-30 00:10:02,82,0,78,Normal,2,PERFECT,0
183,2021-04-30 00:10:02,83,0,48,Normal,2,GOOD,1
184,2021-04-30 00:10:02,85,0,67,Normal,2,PERFECT,0
185,2021-04-30 00:10:02,86,0,86,Normal,2,PERFECT,0
186,2021-04-30 00:10:02,87,0,43,Normal,2,GOOD,1
187,2021-04-30 00:10:02,90,0,45,Normal,2,GOOD,1
188,2021-04-30 00:10:02,92,0,80,Normal,2,PERFECT,0
189,2021-04-30 00:10:02,93,0,93,Normal,2,PERFECT,0
190,2021-04-30 00:10:02,94,0,66,Normal,2,PERFECT,0
191,2021-04-30 00:10:02,95,0,45,Normal,2,GOOD,1
192,2021-04-30 00:10:02,96,0,70,Normal,2,PERFECT,0
193,2021-04-30 00:10:02,99,0,47,Normal,2,GOOD,1
194,2021-04-30 00:10:02,102,0,87,Normal,2,PERFECT,0
195,2021-04-30 00:10:02,103,0,65,Normal,2,PERFECT,0
196,2021-04-30 00:10:02,104,0,81,Normal,2,PERFECT,0
197,2021-04-30 00:10:02,106,0,80,Normal,2,PERFECT,0
198,2021-04-30 00:10:02,111,0,68,Normal,2,PERFECT,0
199,2021-04-30 00:10:02,114,0,80,Normal,2,PERFECT,0
200,2021-04-30 00:10:02,116,0,44,Normal,2,GOOD,1
201,2021-04-30 00:10:02,117,0,41,Normal,2,GOOD,1
202,2021-04-30 00:10:02,120,0,47,Normal,2,GOOD,1
203,2021-04-30 00:10:02,124,0,77,Laying on the ground,5,PERFECT,0
204,2021-04-30 00:15:02,5,0,70,Normal,2,PERFECT,0
205,2021-04-30 00:15:02,6,0,62,Normal,2,PERFECT,0
206,2021-04-30 00:15:02,7,0,66,Normal,2,PERFECT,0
207,2021-04-30 00:15:02,8,0,70,Normal,2,PERFECT,0
208,2021-04-30 00:15:02,9,0,75,Normal,2,PERFECT,0
209,2021-04-30 00:15:02,10,0,72,Normal,2,PERFECT,0
210,2021-04-30 00:15:02,12,0,65,Normal,2,PERFECT,0
211,2021-04-30 00:15:02,13,0,77,Normal,2,PERFECT,0
212,2021-04-30 00:15:02,14,0,46,Normal,2,GOOD,1
213,2021-04-30 00:15:02,16,0,0,Normal,2,DEAD,3
214,2021-04-30 00:15:02,17,0,48,Normal,2,GOOD,1
215,2021-04-30 00:15:02,18,0,47,Normal,2,GOOD,1
216,2021-04-30 00:15:02,19,0,80,Normal,2,PERFECT,0
217,2021-04-30 00:15:02,20,0,76,Normal,2,PERFECT,0
218,2021-04-30 00:15:02,21,0,77,Normal,2,PERFECT,0
219,2021-04-30 00:15:02,22,0,67,Normal,2,PERFECT,0
220,2021-04-30 00:15:02,25,0,0,Normal,2,DEAD,3
221,2021-04-30 00:15:02,26,0,88,Normal,2,PERFECT,0
222,2021-04-30 00:15:02,27,0,53,Normal,2,GOOD,1
223,2021-04-30 00:15:02,30,0,67,Normal,2,PERFECT,0
224,2021-04-30 00:15:02,31,0,42,Normal,2,GOOD,1
225,2021-04-30 00:15:02,33,0,60,Normal,2,GOOD,1
226,2021-04-30 00:15:02,35,0,47,Normal,2,GOOD,1
227,2021-04-30 00:15:02,41,0,82,Normal,2,PERFECT,0
228,2021-04-30 00:15:02,42,0,77,Normal,2,PERFECT,0
229,2021-04-30 00:15:02,43,0,81,Normal,2,PERFECT,0
230,2021-04-30 00:15:02,44,0,0,Normal,2,DEAD,3
231,2021-04-30 00:15:02,45,0,80,Normal,2,PERFECT,0
232,2021-04-30 00:15:02,48,0,80,Normal,2,PERFECT,0
233,2021-04-30 00:15:02,50,0,41,Normal,2,GOOD,1
234,2021-04-30 00:15:02,52,0,64,Normal,2,PERFECT,0
235,2021-04-30 00:15:02,53,0,47,Normal,2,GOOD,1
236,2021-04-30 00:15:02,55,0,53,Normal,2,GOOD,1
237,2021-04-30 00:15:02,56,0,66,Normal,2,PERFECT,0
238,2021-04-30 00:15:02,59,0,40,Normal,2,GOOD,1
239,2021-04-30 00:15:02,60,0,30,Normal,2,GOOD,1
240,2021-04-30 00:15:02,61,0,33,Normal,2,GOOD,1
241,2021-04-30 00:15:02,63,0,37,Normal,2,GOOD,1
242,2021-04-30 00:15:02,66,0,63,Normal,2,PERFECT,0
243,2021-04-30 00:15:02,69,0,48,Normal,2,GOOD,1
244,2021-04-30 00:15:02,71,0,36,Normal,2,GOOD,1
245,2021-04-30 00:15:02,73,0,57,Normal,2,GOOD,1
246,2021-04-30 00:15:02,74,0,75,Normal,2,PERFECT,0
247,2021-04-30 00:15:02,75,0,67,Normal,2,PERFECT,0
248,2021-04-30 00:15:02,76,0,77,Normal,2,PERFECT,0
249,2021-04-30 00:15:02,80,0,74,Normal,2,PERFECT,0
250,2021-04-30 00:15:02,82,0,78,Normal,2,PERFECT,0
251,2021-04-30 00:15:02,83,0,48,Normal,2,GOOD,1
252,2021-04-30 00:15:02,85,0,67,Normal,2,PERFECT,0
253,2021-04-30 00:15:02,86,0,86,Normal,2,PERFECT,0
254,2021-04-30 00:15:02,87,0,43,Normal,2,GOOD,1
255,2021-04-30 00:15:02,90,0,45,Normal,2,GOOD,1
256,2021-04-30 00:15:02,92,0,80,Normal,2,PERFECT,0
257,2021-04-30 00:15:02,93,0,93,Normal,2,PERFECT,0
258,2021-04-30 00:15:02,94,0,66,Normal,2,PERFECT,0
259,2021-04-30 00:15:02,95,0,45,Normal,2,GOOD,1
260,2021-04-30 00:15:02,96,0,70,Normal,2,PERFECT,0
261,2021-04-30 00:15:02,99,0,47,Normal,2,GOOD,1
262,2021-04-30 00:15:02,102,0,87,Normal,2,PERFECT,0
263,2021-04-30 00:15:02,103,0,65,Normal,2,PERFECT,0
264,2021-04-30 00:15:02,104,0,81,Normal,2,PERFECT,0
265,2021-04-30 00:15:02,106,0,80,Normal,2,PERFECT,0
266,2021-04-30 00:15:02,111,0,68,Normal,2,PERFECT,0
267,2021-04-30 00:15:02,114,0,80,Normal,2,PERFECT,0
268,2021-04-30 00:15:02,116,0,44,Normal,2,GOOD,1
269,2021-04-30 00:15:02,117,0,41,Normal,2,GOOD,1
270,2021-04-30 00:15:02,120,0,47,Normal,2,GOOD,1
271,2021-04-30 00:15:02,124,0,77,Laying on the ground,5,PERFECT,0
272,2021-04-30 00:20:02,5,0,70,Normal,2,PERFECT,0
273,2021-04-30 00:20:02,6,0,62,Normal,2,PERFECT,0
274,2021-04-30 00:20:02,7,0,66,Normal,2,PERFECT,0
275,2021-04-30 00:20:02,8,0,68,Normal,2,PERFECT,0
276,2021-04-30 00:20:02,9,0,75,Normal,2,PERFECT,0
277,2021-04-30 00:20:02,10,0,72,Normal,2,PERFECT,0
278,2021-04-30 00:20:02,12,0,65,Normal,2,PERFECT,0
279,2021-04-30 00:20:02,13,0,77,Normal,2,PERFECT,0
280,2021-04-30 00:20:02,14,0,46,Normal,2,GOOD,1
281,2021-04-30 00:20:02,16,0,0,Normal,2,DEAD,3
282,2021-04-30 00:20:02,17,0,48,Normal,2,GOOD,1
283,2021-04-30 00:20:02,18,0,47,Normal,2,GOOD,1
284,2021-04-30 00:20:02,19,0,80,Normal,2,PERFECT,0
285,2021-04-30 00:20:02,20,0,76,Normal,2,PERFECT,0
286,2021-04-30 00:20:02,21,0,77,Normal,2,PERFECT,0
287,2021-04-30 00:20:02,22,0,67,Normal,2,PERFECT,0
288,2021-04-30 00:20:02,25,0,0,Normal,2,DEAD,3
289,2021-04-30 00:20:02,26,0,88,Normal,2,PERFECT,0
290,2021-04-30 00:20:02,27,0,53,Normal,2,GOOD,1
291,2021-04-30 00:20:02,30,0,67,Normal,2,PERFECT,0
292,2021-04-30 00:20:02,31,0,42,Normal,2,GOOD,1
293,2021-04-30 00:20:02,33,0,60,Normal,2,GOOD,1
294,2021-04-30 00:20:02,35,0,47,Normal,2,GOOD,1
295,2021-04-30 00:20:02,41,0,82,Normal,2,PERFECT,0
296,2021-04-30 00:20:02,42,0,77,Normal,2,PERFECT,0
297,2021-04-30 00:20:02,43,0,81,Normal,2,PERFECT,0
298,2021-04-30 00:20:02,44,0,0,Normal,2,DEAD,3
299,2021-04-30 00:20:02,45,0,80,Normal,2,PERFECT,0
300,2021-04-30 00:20:02,48,0,80,Normal,2,PERFECT,0
301,2021-04-30 00:20:02,50,0,41,Normal,2,GOOD,1
302,2021-04-30 00:20:02,52,0,64,Normal,2,PERFECT,0
303,2021-04-30 00:20:02,53,0,47,Normal,2,GOOD,1
304,2021-04-30 00:20:02,55,0,53,Normal,2,GOOD,1
305,2021-04-30 00:20:02,56,0,66,Normal,2,PERFECT,0
306,2021-04-30 00:20:02,59,0,40,Normal,2,GOOD,1
307,2021-04-30 00:20:02,60,0,30,Normal,2,GOOD,1
308,2021-04-30 00:20:02,61,0,33,Normal,2,GOOD,1
309,2021-04-30 00:20:02,63,0,37,Normal,2,GOOD,1
310,2021-04-30 00:20:02,66,0,63,Normal,2,PERFECT,0
311,2021-04-30 00:20:02,69,0,48,Normal,2,GOOD,1
312,2021-04-30 00:20:02,71,0,36,Normal,2,GOOD,1
313,2021-04-30 00:20:02,73,0,57,Normal,2,GOOD,1
314,2021-04-30 00:20:02,74,0,75,Normal,2,PERFECT,0
315,2021-04-30 00:20:02,75,0,67,Normal,2,PERFECT,0
316,2021-04-30 00:20:02,76,0,77,Normal,2,PERFECT,0
317,2021-04-30 00:20:02,80,0,74,Normal,2,PERFECT,0
318,2021-04-30 00:20:02,82,0,78,Normal,2,PERFECT,0
319,2021-04-30 00:20:02,83,0,48,Normal,2,GOOD,1
320,2021-04-30 00:20:02,85,0,67,Normal,2,PERFECT,0
321,2021-04-30 00:20:02,86,0,86,Normal,2,PERFECT,0
322,2021-04-30 00:20:02,87,0,43,Normal,2,GOOD,1
323,2021-04-30 00:20:02,90,0,45,Normal,2,GOOD,1
324,2021-04-30 00:20:02,92,0,80,Normal,2,PERFECT,0
325,2021-04-30 00:20:02,93,0,93,Normal,2,PERFECT,0
326,2021-04-30 00:20:02,94,0,66,Normal,2,PERFECT,0
327,2021-04-30 00:20:02,95,0,45,Normal,2,GOOD,1
328,2021-04-30 00:20:02,96,0,70,Normal,2,PERFECT,0
329,2021-04-30 00:20:02,99,0,47,Normal,2,GOOD,1
330,2021-04-30 00:20:02,102,0,87,Normal,2,PERFECT,0
331,2021-04-30 00:20:02,103,0,65,Normal,2,PERFECT,0
332,2021-04-30 00:20:02,104,0,81,Normal,2,PERFECT,0
333,2021-04-30 00:20:02,106,0,80,Normal,2,PERFECT,0
334,2021-04-30 00:20:02,111,0,68,Normal,2,PERFECT,0
335,2021-04-30 00:20:02,114,0,80,Normal,2,PERFECT,0
336,2021-04-30 00:20:02,116,0,44,Normal,2,GOOD,1
337,2021-04-30 00:20:02,117,0,41,Normal,2,GOOD,1
338,2021-04-30 00:20:02,120,0,47,Normal,2,GOOD,1
339,2021-04-30 00:20:02,124,0,77,Laying on the ground,5,PERFECT,0
340,2021-04-30 00:25:02,5,0,70,Normal,2,PERFECT,0
341,2021-04-30 00:25:02,6,0,62,Normal,2,PERFECT,0
342,2021-04-30 00:25:02,7,0,66,Normal,2,PERFECT,0
343,2021-04-30 00:25:02,8,0,68,Normal,2,PERFECT,0
344,2021-04-30 00:25:02,9,0,75,Normal,2,PERFECT,0
345,2021-04-30 00:25:02,10,0,72,Normal,2,PERFECT,0
346,2021-04-30 00:25:02,12,0,65,Normal,2,PERFECT,0
347,2021-04-30 00:25:02,13,0,77,Normal,2,PERFECT,0
348,2021-04-30 00:25:02,14,0,46,Normal,2,GOOD,1
349,2021-04-30 00:25:02,16,0,0,Normal,2,DEAD,3
350,2021-04-30 00:25:02,17,0,48,Normal,2,GOOD,1
351,2021-04-30 00:25:02,18,0,47,Normal,2,GOOD,1
352,2021-04-30 00:25:02,19,0,80,Normal,2,PERFECT,0
353,2021-04-30 00:25:02,20,0,76,Normal,2,PERFECT,0
354,2021-04-30 00:25:02,21,0,77,Normal,2,PERFECT,0
355,2021-04-30 00:25:02,22,0,67,Normal,2,PERFECT,0
356,2021-04-30 00:25:02,25,0,0,Normal,2,DEAD,3
357,2021-04-30 00:25:02,26,0,88,Normal,2,PERFECT,0
358,2021-04-30 00:25:02,27,0,53,Normal,2,GOOD,1
359,2021-04-30 00:25:02,30,0,67,Normal,2,PERFECT,0
360,2021-04-30 00:25:02,31,0,42,Normal,2,GOOD,1
361,2021-04-30 00:25:02,33,0,60,Normal,2,GOOD,1
362,2021-04-30 00:25:02,35,0,47,Normal,2,GOOD,1
363,2021-04-30 00:25:02,41,0,82,Normal,2,PERFECT,0
364,2021-04-30 00:25:02,42,0,77,Normal,2,PERFECT,0
365,2021-04-30 00:25:02,43,0,81,Normal,2,PERFECT,0
366,2021-04-30 00:25:02,44,0,0,Normal,2,DEAD,3
367,2021-04-30 00:25:02,45,0,80,Normal,2,PERFECT,0
368,2021-04-30 00:25:02,48,0,80,Normal,2,PERFECT,0
369,2021-04-30 00:25:02,50,0,41,Normal,2,GOOD,1
370,2021-04-30 00:25:02,52,0,64,Normal,2,PERFECT,0
371,2021-04-30 00:25:02,53,0,47,Normal,2,GOOD,1
372,2021-04-30 00:25:02,55,0,53,Normal,2,GOOD,1
373,2021-04-30 00:25:02,56,0,66,Normal,2,PERFECT,0
374,2021-04-30 00:25:02,59,0,40,Normal,2,GOOD,1
375,2021-04-30 00:25:02,60,0,30,Normal,2,GOOD,1
376,2021-04-30 00:25:02,61,0,33,Normal,2,GOOD,1
377,2021-04-30 00:25:02,63,0,37,Normal,2,GOOD,1
378,2021-04-30 00:25:02,66,0,63,Normal,2,PERFECT,0
379,2021-04-30 00:25:02,69,0,48,Normal,2,GOOD,1
380,2021-04-30 00:25:02,71,0,36,Normal,2,GOOD,1
381,2021-04-30 00:25:02,73,0,57,Normal,2,GOOD,1
382,2021-04-30 00:25:02,74,0,75,Normal,2,PERFECT,0
383,2021-04-30 00:25:02,75,0,67,Normal,2,PERFECT,0
384,2021-04-30 00:25:02,76,0,77,Normal,2,PERFECT,0
385,2021-04-30 00:25:02,80,0,74,Normal,2,PERFECT,0
386,2021-04-30 00:25:02,82,0,78,Normal,2,PERFECT,0
387,2021-04-30 00:25:02,83,0,48,Normal,2,GOOD,1
388,2021-04-30 00:25:02,85,0,67,Normal,2,PERFECT,0
389,2021-04-30 00:25:02,86,0,86,Normal,2,PERFECT,0
390,2021-04-30 00:25:02,87,0,43,Normal,2,GOOD,1
391,2021-04-30 00:25:02,90,0,45,Normal,2,GOOD,1
392,2021-04-30 00:25:02,92,0,80,Normal,2,PERFECT,0
393,2021-04-30 00:25:02,93,0,93,Normal,2,PERFECT,0
394,2021-04-30 00:25:02,94,0,66,Normal,2,PERFECT,0
395,2021-04-30 00:25:02,95,0,45,Normal,2,GOOD,1
396,2021-04-30 00:25:02,96,0,70,Normal,2,PERFECT,0
397,2021-04-30 00:25:02,99,0,47,Normal,2,GOOD,1
398,2021-04-30 00:25:02,102,0,87,Normal,2,PERFECT,0
399,2021-04-30 00:25:02,103,0,65,Normal,2,PERFECT,0
400,2021-04-30 00:25:02,104,0,81,Normal,2,PERFECT,0
401,2021-04-30 00:25:02,106,0,80,Normal,2,PERFECT,0
402,2021-04-30 00:25:02,111,0,68,Normal,2,PERFECT,0
403,2021-04-30 00:25:02,114,0,80,Normal,2,PERFECT,0
404,2021-04-30 00:25:02,116,0,44,Normal,2,GOOD,1
405,2021-04-30 00:25:02,117,0,41,Normal,2,GOOD,1
406,2021-04-30 00:25:02,120,0,47,Normal,2,GOOD,1
407,2021-04-30 00:25:02,124,0,77,Laying on the ground,5,PERFECT,0
408,2021-04-30 00:30:02,5,0,70,Normal,2,PERFECT,0
409,2021-04-30 00:30:02,6,0,62,Normal,2,PERFECT,0
410,2021-04-30 00:30:02,7,0,66,Normal,2,PERFECT,0
411,2021-04-30 00:30:02,8,0,68,Normal,2,PERFECT,0
412,2021-04-30 00:30:02,9,0,75,Normal,2,PERFECT,0
413,2021-04-30 00:30:02,10,0,72,Normal,2,PERFECT,0
414,2021-04-30 00:30:02,12,0,65,Normal,2,PERFECT,0
415,2021-04-30 00:30:02,13,0,77,Normal,2,PERFECT,0
416,2021-04-30 00:30:02,14,0,46,Normal,2,GOOD,1
417,2021-04-30 00:30:02,16,0,0,Normal,2,DEAD,3
418,2021-04-30 00:30:02,17,0,48,Normal,2,GOOD,1
419,2021-04-30 00:30:02,18,0,47,Normal,2,GOOD,1
420,2021-04-30 00:30:02,19,0,80,Normal,2,PERFECT,0
421,2021-04-30 00:30:02,20,0,76,Normal,2,PERFECT,0
422,2021-04-30 00:30:02,21,0,77,Normal,2,PERFECT,0
423,2021-04-30 00:30:02,22,0,67,Normal,2,PERFECT,0
424,2021-04-30 00:30:02,25,0,0,Normal,2,DEAD,3
425,2021-04-30 00:30:02,26,0,88,Normal,2,PERFECT,0
426,2021-04-30 00:30:02,27,0,53,Normal,2,GOOD,1
427,2021-04-30 00:30:02,30,0,67,Normal,2,PERFECT,0
428,2021-04-30 00:30:02,31,0,42,Normal,2,GOOD,1
429,2021-04-30 00:30:02,33,0,60,Normal,2,GOOD,1
430,2021-04-30 00:30:02,35,0,47,Normal,2,GOOD,1
431,2021-04-30 00:30:02,41,0,82,Normal,2,PERFECT,0
432,2021-04-30 00:30:02,42,0,77,Normal,2,PERFECT,0
433,2021-04-30 00:30:02,43,0,81,Normal,2,PERFECT,0
434,2021-04-30 00:30:02,44,0,0,Normal,2,DEAD,3
435,2021-04-30 00:30:02,45,0,80,Normal,2,PERFECT,0
436,2021-04-30 00:30:02,48,0,80,Normal,2,PERFECT,0
437,2021-04-30 00:30:02,50,0,41,Normal,2,GOOD,1
438,2021-04-30 00:30:02,52,0,64,Normal,2,PERFECT,0
439,2021-04-30 00:30:02,53,0,47,Normal,2,GOOD,1
440,2021-04-30 00:30:02,55,0,53,Normal,2,GOOD,1
441,2021-04-30 00:30:02,56,0,66,Normal,2,PERFECT,0
442,2021-04-30 00:30:02,59,0,40,Normal,2,GOOD,1
443,2021-04-30 00:30:02,60,0,30,Normal,2,GOOD,1
444,2021-04-30 00:30:02,61,0,33,Normal,2,GOOD,1
445,2021-04-30 00:30:02,63,0,37,Normal,2,GOOD,1
446,2021-04-30 00:30:02,66,0,63,Normal,2,PERFECT,0
447,2021-04-30 00:30:02,69,0,48,Normal,2,GOOD,1
448,2021-04-30 00:30:02,71,0,36,Normal,2,GOOD,1
449,2021-04-30 00:30:02,73,0,57,Normal,2,GOOD,1
450,2021-04-30 00:30:02,74,0,75,Normal,2,PERFECT,0
451,2021-04-30 00:30:02,75,0,67,Normal,2,PERFECT,0
452,2021-04-30 00:30:02,76,0,77,Normal,2,PERFECT,0
453,2021-04-30 00:30:02,80,0,74,Normal,2,PERFECT,0
454,2021-04-30 00:30:02,82,0,78,Normal,2,PERFECT,0
455,2021-04-30 00:30:02,83,0,48,Normal,2,GOOD,1
456,2021-04-30 00:30:02,85,0,67,Normal,2,PERFECT,0
457,2021-04-30 00:30:02,86,0,86,Normal,2,PERFECT,0
458,2021-04-30 00:30:02,87,0,43,Normal,2,GOOD,1
459,2021-04-30 00:30:02,90,0,45,Normal,2,GOOD,1
460,2021-04-30 00:30:02,92,0,80,Normal,2,PERFECT,0
461,2021-04-30 00:30:02,93,0,93,Normal,2,PERFECT,0
462,2021-04-30 00:30:02,94,0,66,Normal,2,PERFECT,0
463,2021-04-30 00:30:02,95,0,45,Normal,2,GOOD,1
464,2021-04-30 00:30:02,96,0,70,Normal,2,PERFECT,0
465,2021-04-30 00:30:02,99,0,47,Normal,2,GOOD,1
466,2021-04-30 00:30:02,102,0,87,Normal,2,PERFECT,0
467,2021-04-30 00:30:02,103,0,65,Normal,2,PERFECT,0
468,2021-04-30 00:30:02,104,0,81,Normal,2,PERFECT,0
469,2021-04-30 00:30:02,106,0,80,Normal,2,PERFECT,0
470,2021-04-30 00:30:02,111,0,68,Normal,2,PERFECT,0
471,2021-04-30 00:30:02,114,0,80,Normal,2,PERFECT,0
472,2021-04-30 00:30:02,116,0,44,Normal,2,GOOD,1
473,2021-04-30 00:30:02,117,0,41,Normal,2,GOOD,1
474,2021-04-30 00:30:02,120,0,47,Normal,2,GOOD,1
475,2021-04-30 00:30:02,124,0,77,Laying on the ground,5,PERFECT,0
476,2021-04-30 00:35:02,5,0,70,Normal,2,PERFECT,0
477,2021-04-30 00:35:02,6,0,62,Normal,2,PERFECT,0
478,2021-04-30 00:35:02,7,0,66,Normal,2,PERFECT,0
479,2021-04-30 00:35:02,8,0,68,Normal,2,PERFECT,0
480,2021-04-30 00:35:02,9,0,75,Normal,2,PERFECT,0
481,2021-04-30 00:35:02,10,0,72,Normal,2,PERFECT,0
482,2021-04-30 00:35:02,12,0,65,Normal,2,PERFECT,0
483,2021-04-30 00:35:02,13,0,77,Normal,2,PERFECT,0
484,2021-04-30 00:35:02,14,0,46,Normal,2,GOOD,1
485,2021-04-30 00:35:02,16,0,0,Normal,2,DEAD,3
486,2021-04-30 00:35:02,17,0,48,Normal,2,GOOD,1
487,2021-04-30 00:35:02,18,0,47,Normal,2,GOOD,1
488,2021-04-30 00:35:02,19,0,80,Normal,2,PERFECT,0
489,2021-04-30 00:35:02,20,0,76,Normal,2,PERFECT,0
490,2021-04-30 00:35:02,21,0,77,Normal,2,PERFECT,0
491,2021-04-30 00:35:02,22,0,67,Normal,2,PERFECT,0
492,2021-04-30 00:35:02,25,0,0,Normal,2,DEAD,3
493,2021-04-30 00:35:02,26,0,88,Normal,2,PERFECT,0
494,2021-04-30 00:35:02,27,0,53,Normal,2,GOOD,1
495,2021-04-30 00:35:02,30,0,67,Normal,2,PERFECT,0
496,2021-04-30 00:35:02,31,0,42,Normal,2,GOOD,1
497,2021-04-30 00:35:02,33,0,60,Normal,2,GOOD,1
498,2021-04-30 00:35:02,35,0,47,Normal,2,GOOD,1
499,2021-04-30 00:35:02,41,0,82,Normal,2,PERFECT,0
500,2021-04-30 00:35:02,42,0,77,Normal,2,PERFECT,0
501,2021-04-30 00:35:02,43,0,81,Normal,2,PERFECT,0
502,2021-04-30 00:35:02,44,0,0,Normal,2,DEAD,3
503,2021-04-30 00:35:02,45,0,80,Normal,2,PERFECT,0
504,2021-04-30 00:35:02,48,0,80,Normal,2,PERFECT,0
505,2021-04-30 00:35:02,50,0,41,Normal,2,GOOD,1
506,2021-04-30 00:35:02,52,0,64,Normal,2,PERFECT,0
507,2021-04-30 00:35:02,53,0,47,Normal,2,GOOD,1
508,2021-04-30 00:35:02,55,0,53,Normal,2,GOOD,1
509,2021-04-30 00:35:02,56,0,66,Normal,2,PERFECT,0
510,2021-04-30 00:35:02,59,0,40,Normal,2,GOOD,1
511,2021-04-30 00:35:02,60,0,30,Normal,2,GOOD,1
512,2021-04-30 00:35:02,61,0,33,Normal,2,GOOD,1
513,2021-04-30 00:35:02,63,0,37,Normal,2,GOOD,1
514,2021-04-30 00:35:02,66,0,63,Normal,2,PERFECT,0
515,2021-04-30 00:35:02,69,0,48,Normal,2,GOOD,1
516,2021-04-30 00:35:02,71,0,36,Normal,2,GOOD,1
517,2021-04-30 00:35:02,73,0,57,Normal,2,GOOD,1
518,2021-04-30 00:35:02,74,0,75,Normal,2,PERFECT,0
519,2021-04-30 00:35:02,75,0,67,Normal,2,PERFECT,0
520,2021-04-30 00:35:02,76,0,77,Normal,2,PERFECT,0
521,2021-04-30 00:35:02,80,0,74,Normal,2,PERFECT,0
522,2021-04-30 00:35:02,82,0,78,Normal,2,PERFECT,0
523,2021-04-30 00:35:02,83,0,48,Normal,2,GOOD,1
524,2021-04-30 00:35:02,85,0,67,Normal,2,PERFECT,0
525,2021-04-30 00:35:02,86,0,86,Normal,2,PERFECT,0
526,2021-04-30 00:35:02,87,0,43,Normal,2,GOOD,1
527,2021-04-30 00:35:02,90,0,45,Normal,2,GOOD,1
528,2021-04-30 00:35:02,92,0,80,Normal,2,PERFECT,0
529,2021-04-30 00:35:02,93,0,93,Normal,2,PERFECT,0
530,2021-04-30 00:35:02,94,0,66,Normal,2,PERFECT,0
531,2021-04-30 00:35:02,95,0,45,Normal,2,GOOD,1
532,2021-04-30 00:35:02,96,0,70,Normal,2,PERFECT,0
533,2021-04-30 00:35:02,99,0,47,Normal,2,GOOD,1
534,2021-04-30 00:35:02,102,0,87,Normal,2,PERFECT,0
535,2021-04-30 00:35:02,103,0,65,Normal,2,PERFECT,0
536,2021-04-30 00:35:02,104,0,81,Normal,2,PERFECT,0
537,2021-04-30 00:35:02,106,0,80,Normal,2,PERFECT,0
538,2021-04-30 00:35:02,111,0,68,Normal,2,PERFECT,0
539,2021-04-30 00:35:02,114,0,80,Normal,2,PERFECT,0
540,2021-04-30 00:35:02,116,0,44,Normal,2,GOOD,1
541,2021-04-30 00:35:02,117,0,41,Normal,2,GOOD,1
542,2021-04-30 00:35:02,120,0,47,Normal,2,GOOD,1
543,2021-04-30 00:35:02,124,0,77,Laying on the ground,5,PERFECT,0
544,2021-04-30 00:40:02,5,0,70,Normal,2,PERFECT,0
545,2021-04-30 00:40:02,6,0,62,Normal,2,PERFECT,0
546,2021-04-30 00:40:02,7,0,66,Normal,2,PERFECT,0
547,2021-04-30 00:40:02,8,0,68,Normal,2,PERFECT,0
548,2021-04-30 00:40:02,9,0,75,Normal,2,PERFECT,0
549,2021-04-30 00:40:02,10,0,72,Normal,2,PERFECT,0
550,2021-04-30 00:40:02,12,0,65,Normal,2,PERFECT,0
551,2021-04-30 00:40:02,13,0,77,Normal,2,PERFECT,0
552,2021-04-30 00:40:02,14,0,46,Normal,2,GOOD,1
553,2021-04-30 00:40:02,16,0,0,Normal,2,DEAD,3
554,2021-04-30 00:40:02,17,0,48,Normal,2,GOOD,1
555,2021-04-30 00:40:02,18,0,47,Normal,2,GOOD,1
556,2021-04-30 00:40:02,19,0,80,Normal,2,PERFECT,0
557,2021-04-30 00:40:02,20,0,76,Normal,2,PERFECT,0
558,2021-04-30 00:40:02,21,0,77,Normal,2,PERFECT,0
559,2021-04-30 00:40:02,22,0,67,Normal,2,PERFECT,0
560,2021-04-30 00:40:02,25,0,0,Normal,2,DEAD,3
561,2021-04-30 00:40:02,26,0,88,Normal,2,PERFECT,0
562,2021-04-30 00:40:02,27,0,53,Normal,2,GOOD,1
563,2021-04-30 00:40:02,30,0,67,Normal,2,PERFECT,0
564,2021-04-30 00:40:02,31,0,42,Normal,2,GOOD,1
565,2021-04-30 00:40:02,33,0,60,Normal,2,GOOD,1
566,2021-04-30 00:40:02,35,0,47,Normal,2,GOOD,1
567,2021-04-30 00:40:02,41,0,82,Normal,2,PERFECT,0
568,2021-04-30 00:40:02,42,0,77,Normal,2,PERFECT,0
569,2021-04-30 00:40:02,43,0,81,Normal,2,PERFECT,0
570,2021-04-30 00:40:02,44,0,0,Normal,2,DEAD,3
571,2021-04-30 00:40:02,45,0,80,Normal,2,PERFECT,0
572,2021-04-30 00:40:02,48,0,80,Normal,2,PERFECT,0
573,2021-04-30 00:40:02,50,0,41,Normal,2,GOOD,1
574,2021-04-30 00:40:02,52,0,64,Normal,2,PERFECT,0
575,2021-04-30 00:40:02,53,0,47,Normal,2,GOOD,1
576,2021-04-30 00:40:02,55,0,53,Normal,2,GOOD,1
577,2021-04-30 00:40:02,56,0,66,Normal,2,PERFECT,0
578,2021-04-30 00:40:02,59,0,40,Normal,2,GOOD,1
579,2021-04-30 00:40:02,60,0,30,Normal,2,GOOD,1
580,2021-04-30 00:40:02,61,0,33,Normal,2,GOOD,1
581,2021-04-30 00:40:02,63,0,37,Normal,2,GOOD,1
582,2021-04-30 00:40:02,66,0,63,Normal,2,PERFECT,0
583,2021-04-30 00:40:02,69,0,48,Normal,2,GOOD,1
584,2021-04-30 00:40:02,71,0,36,Normal,2,GOOD,1
585,2021-04-30 00:40:02,73,0,57,Normal,2,GOOD,1
586,2021-04-30 00:40:02,74,0,75,Normal,2,PERFECT,0
587,2021-04-30 00:40:02,75,0,67,Normal,2,PERFECT,0
588,2021-04-30 00:40:02,76,0,77,Normal,2,PERFECT,0
589,2021-04-30 00:40:02,80,0,74,Normal,2,PERFECT,0
590,2021-04-30 00:40:02,82,0,78,Normal,2,PERFECT,0
591,2021-04-30 00:40:02,83,0,48,Normal,2,GOOD,1
592,2021-04-30 00:40:02,85,0,67,Normal,2,PERFECT,0
593,2021-04-30 00:40:02,86,0,86,Normal,2,PERFECT,0
594,2021-04-30 00:40:02,87,0,43,Normal,2,GOOD,1
595,2021-04-30 00:40:02,90,0,45,Normal,2,GOOD,1
596,2021-04-30 00:40:02,92,0,80,Normal,2,PERFECT,0
597,2021-04-30 00:40:02,93,0,93,Normal,2,PERFECT,0
598,2021-04-30 00:40:02,94,0,66,Normal,2,PERFECT,0
599,2021-04-30 00:40:02,95,0,45,Normal,2,GOOD,1
600,2021-04-30 00:40:02,96,0,70,Normal,2,PERFECT,0
601,2021-04-30 00:40:02,99,0,47,Normal,2,GOOD,1
602,2021-04-30 00:40:02,102,0,87,Normal,2,PERFECT,0
603,2021-04-30 00:40:02,103,0,65,Normal,2,PERFECT,0
604,2021-04-30 00:40:02,104,0,81,Normal,2,PERFECT,0
605,2021-04-30 00:40:02,106,0,80,Normal,2,PERFECT,0
606,2021-04-30 00:40:02,111,0,68,Normal,2,PERFECT,0
607,2021-04-30 00:40:02,114,0,80,Normal,2,PERFECT,0
608,2021-04-30 00:40:02,116,0,44,Normal,2,GOOD,1
609,2021-04-30 00:40:02,117,0,41,Normal,2,GOOD,1
610,2021-04-30 00:40:02,120,0,47,Normal,2,GOOD,1
611,2021-04-30 00:40:02,124,0,77,Laying on the ground,5,PERFECT,0
612,2021-04-30 00:45:02,5,0,70,Normal,2,PERFECT,0
613,2021-04-30 00:45:02,6,0,62,Normal,2,PERFECT,0
614,2021-04-30 00:45:02,7,0,66,Normal,2,PERFECT,0
615,2021-04-30 00:45:02,8,0,68,Normal,2,PERFECT,0
616,2021-04-30 00:45:02,9,0,75,Normal,2,PERFECT,0
617,2021-04-30 00:45:02,10,0,72,Normal,2,PERFECT,0
618,2021-04-30 00:45:02,12,0,65,Normal,2,PERFECT,0
619,2021-04-30 00:45:02,13,0,77,Normal,2,PERFECT,0
620,2021-04-30 00:45:02,14,0,46,Normal,2,GOOD,1
621,2021-04-30 00:45:02,16,0,0,Normal,2,DEAD,3
622,2021-04-30 00:45:02,17,0,48,Normal,2,GOOD,1
623,2021-04-30 00:45:02,18,0,47,Normal,2,GOOD,1
624,2021-04-30 00:45:02,19,0,80,Normal,2,PERFECT,0
625,2021-04-30 00:45:02,20,0,76,Normal,2,PERFECT,0
626,2021-04-30 00:45:02,21,0,77,Normal,2,PERFECT,0
627,2021-04-30 00:45:02,22,0,67,Normal,2,PERFECT,0
628,2021-04-30 00:45:02,25,0,0,Normal,2,DEAD,3
629,2021-04-30 00:45:02,26,0,88,Normal,2,PERFECT,0
630,2021-04-30 00:45:02,27,0,53,Normal,2,GOOD,1
631,2021-04-30 00:45:02,30,0,67,Normal,2,PERFECT,0
632,2021-04-30 00:45:02,31,0,42,Normal,2,GOOD,1
633,2021-04-30 00:45:02,33,0,60,Normal,2,GOOD,1
634,2021-04-30 00:45:02,35,0,47,Normal,2,GOOD,1
635,2021-04-30 00:45:02,41,0,82,Normal,2,PERFECT,0
636,2021-04-30 00:45:02,42,0,77,Normal,2,PERFECT,0
637,2021-04-30 00:45:02,43,0,81,Normal,2,PERFECT,0
638,2021-04-30 00:45:02,44,0,0,Normal,2,DEAD,3
639,2021-04-30 00:45:02,45,0,80,Normal,2,PERFECT,0
640,2021-04-30 00:45:02,48,0,80,Normal,2,PERFECT,0
641,2021-04-30 00:45:02,50,0,41,Normal,2,GOOD,1
642,2021-04-30 00:45:02,52,0,64,Normal,2,PERFECT,0
643,2021-04-30 00:45:02,53,0,47,Normal,2,GOOD,1
644,2021-04-30 00:45:02,55,0,53,Normal,2,GOOD,1
645,2021-04-30 00:45:02,56,0,66,Normal,2,PERFECT,0
646,2021-04-30 00:45:02,59,0,40,Normal,2,GOOD,1
647,2021-04-30 00:45:02,60,0,30,Normal,2,GOOD,1
648,2021-04-30 00:45:02,61,0,33,Normal,2,GOOD,1
649,2021-04-30 00:45:02,63,0,37,Normal,2,GOOD,1
650,2021-04-30 00:45:02,66,0,63,Normal,2,PERFECT,0
651,2021-04-30 00:45:02,69,0,48,Normal,2,GOOD,1
652,2021-04-30 00:45:02,71,0,36,Normal,2,GOOD,1
653,2021-04-30 00:45:02,73,0,57,Normal,2,GOOD,1
654,2021-04-30 00:45:02,74,0,75,Normal,2,PERFECT,0
655,2021-04-30 00:45:02,75,0,67,Normal,2,PERFECT,0
656,2021-04-30 00:45:02,76,0,77,Normal,2,PERFECT,0
657,2021-04-30 00:45:02,80,0,74,Normal,2,PERFECT,0
658,2021-04-30 00:45:02,82,0,78,Normal,2,PERFECT,0
659,2021-04-30 00:45:02,83,0,48,Normal,2,GOOD,1
660,2021-04-30 00:45:02,85,0,67,Normal,2,PERFECT,0
661,2021-04-30 00:45:02,86,0,86,Normal,2,PERFECT,0
662,2021-04-30 00:45:02,87,0,43,Normal,2,GOOD,1
663,2021-04-30 00:45:02,90,0,45,Normal,2,GOOD,1
664,2021-04-30 00:45:02,92,0,80,Normal,2,PERFECT,0
665,2021-04-30 00:45:02,93,0,93,Normal,2,PERFECT,0
666,2021-04-30 00:45:02,94,0,66,Normal,2,PERFECT,0
667,2021-04-30 00:45:02,95,0,45,Normal,2,GOOD,1
668,2021-04-30 00:45:02,96,0,70,Normal,2,PERFECT,0
669,2021-04-30 00:45:02,99,0,47,Normal,2,GOOD,1
670,2021-04-30 00:45:02,102,0,87,Normal,2,PERFECT,0
671,2021-04-30 00:45:02,103,0,65,Normal,2,PERFECT,0
672,2021-04-30 00:45:02,104,0,81,Normal,2,PERFECT,0
673,2021-04-30 00:45:02,106,0,80,Normal,2,PERFECT,0
674,2021-04-30 00:45:02,111,0,68,Normal,2,PERFECT,0
675,2021-04-30 00:45:02,114,0,80,Normal,2,PERFECT,0
676,2021-04-30 00:45:02,116,0,44,Normal,2,GOOD,1
677,2021-04-30 00:45:02,117,0,41,Normal,2,GOOD,1
678,2021-04-30 00:45:02,120,0,47,Normal,2,GOOD,1
679,2021-04-30 00:45:02,124,0,77,Laying on the ground,5,PERFECT,0
680,2021-04-30 00:50:02,5,0,70,Normal,2,PERFECT,0
681,2021-04-30 00:50:02,6,0,62,Normal,2,PERFECT,0
682,2021-04-30 00:50:02,7,0,66,Normal,2,PERFECT,0
683,2021-04-30 00:50:02,8,0,68,Normal,2,PERFECT,0
684,2021-04-30 00:50:02,9,0,75,Normal,2,PERFECT,0
685,2021-04-30 00:50:02,10,0,72,Normal,2,PERFECT,0
686,2021-04-30 00:50:02,12,0,65,Normal,2,PERFECT,0
687,2021-04-30 00:50:02,13,0,77,Normal,2,PERFECT,0
688,2021-04-30 00:50:02,14,0,46,Normal,2,GOOD,1
689,2021-04-30 00:50:02,16,0,0,Normal,2,DEAD,3
690,2021-04-30 00:50:02,17,0,48,Normal,2,GOOD,1
691,2021-04-30 00:50:02,18,0,47,Normal,2,GOOD,1
692,2021-04-30 00:50:02,19,0,80,Normal,2,PERFECT,0
693,2021-04-30 00:50:02,20,0,76,Normal,2,PERFECT,0
694,2021-04-30 00:50:02,21,0,77,Normal,2,PERFECT,0
695,2021-04-30 00:50:02,22,0,67,Normal,2,PERFECT,0
696,2021-04-30 00:50:02,25,0,0,Normal,2,DEAD,3
697,2021-04-30 00:50:02,26,0,88,Normal,2,PERFECT,0
698,2021-04-30 00:50:02,27,0,53,Normal,2,GOOD,1
699,2021-04-30 00:50:02,30,0,67,Normal,2,PERFECT,0
700,2021-04-30 00:50:02,31,0,42,Normal,2,GOOD,1
701,2021-04-30 00:50:02,33,0,60,Normal,2,GOOD,1
702,2021-04-30 00:50:02,35,0,47,Normal,2,GOOD,1
703,2021-04-30 00:50:02,41,0,82,Normal,2,PERFECT,0
704,2021-04-30 00:50:02,42,0,77,Normal,2,PERFECT,0
705,2021-04-30 00:50:02,43,0,81,Normal,2,PERFECT,0
706,2021-04-30 00:50:02,44,0,0,Normal,2,DEAD,3
707,2021-04-30 00:50:02,45,0,80,Normal,2,PERFECT,0
708,2021-04-30 00:50:02,48,0,80,Normal,2,PERFECT,0
709,2021-04-30 00:50:02,50,0,41,Normal,2,GOOD,1
710,2021-04-30 00:50:02,52,0,64,Normal,2,PERFECT,0
711,2021-04-30 00:50:02,53,0,47,Normal,2,GOOD,1
712,2021-04-30 00:50:02,55,0,53,Normal,2,GOOD,1
713,2021-04-30 00:50:02,56,0,66,Normal,2,PERFECT,0
714,2021-04-30 00:50:02,59,0,40,Normal,2,GOOD,1
715,2021-04-30 00:50:02,60,0,30,Normal,2,GOOD,1
716,2021-04-30 00:50:02,61,0,33,Normal,2,GOOD,1
717,2021-04-30 00:50:02,63,0,37,Normal,2,GOOD,1
718,2021-04-30 00:50:02,66,0,63,Normal,2,PERFECT,0
719,2021-04-30 00:50:02,69,0,48,Normal,2,GOOD,1
720,2021-04-30 00:50:02,71,0,36,Normal,2,GOOD,1
721,2021-04-30 00:50:02,73,0,57,Normal,2,GOOD,1
722,2021-04-30 00:50:02,74,0,75,Normal,2,PERFECT,0
723,2021-04-30 00:50:02,75,0,67,Normal,2,PERFECT,0
724,2021-04-30 00:50:02,76,0,77,Normal,2,PERFECT,0
725,2021-04-30 00:50:02,80,0,74,Normal,2,PERFECT,0
726,2021-04-30 00:50:02,82,0,78,Normal,2,PERFECT,0
727,2021-04-30 00:50:02,83,0,48,Normal,2,GOOD,1
728,2021-04-30 00:50:02,85,0,67,Normal,2,PERFECT,0
729,2021-04-30 00:50:02,86,0,86,Normal,2,PERFECT,0
730,2021-04-30 00:50:02,87,0,43,Normal,2,GOOD,1
731,2021-04-30 00:50:02,90,0,45,Normal,2,GOOD,1
732,2021-04-30 00:50:02,92,0,80,Normal,2,PERFECT,0
733,2021-04-30 00:50:02,93,0,93,Normal,2,PERFECT,0
734,2021-04-30 00:50:02,94,0,66,Normal,2,PERFECT,0
735,2021-04-30 00:50:02,95,0,45,Normal,2,GOOD,1
736,2021-04-30 00:50:02,96,0,70,Normal,2,PERFECT,0
737,2021-04-30 00:50:02,99,0,47,Normal,2,GOOD,1
738,2021-04-30 00:50:02,102,0,87,Normal,2,PERFECT,0
739,2021-04-30 00:50:02,103,0,65,Normal,2,PERFECT,0
740,2021-04-30 00:50:02,104,0,81,Normal,2,PERFECT,0
741,2021-04-30 00:50:02,106,0,80,Normal,2,PERFECT,0
742,2021-04-30 00:50:02,111,0,68,Normal,2,PERFECT,0
743,2021-04-30 00:50:02,114,0,80,Normal,2,PERFECT,0
744,2021-04-30 00:50:02,116,0,44,Normal,2,GOOD,1
745,2021-04-30 00:50:02,117,0,41,Normal,2,GOOD,1
746,2021-04-30 00:50:02,120,0,47,Normal,2,GOOD,1
747,2021-04-30 00:50:02,124,0,77,Laying on the ground,5,PERFECT,0
748,2021-04-30 00:55:02,5,0,70,Normal,2,PERFECT,0
749,2021-04-30 00:55:02,6,0,62,Normal,2,PERFECT,0
750,2021-04-30 00:55:02,7,0,66,Normal,2,PERFECT,0
751,2021-04-30 00:55:02,8,0,68,Normal,2,PERFECT,0
752,2021-04-30 00:55:02,9,0,75,Normal,2,PERFECT,0
753,2021-04-30 00:55:02,10,0,72,Normal,2,PERFECT,0
754,2021-04-30 00:55:02,12,0,65,Normal,2,PERFECT,0
755,2021-04-30 00:55:02,13,0,77,Normal,2,PERFECT,0
756,2021-04-30 00:55:02,14,0,46,Normal,2,GOOD,1
757,2021-04-30 00:55:02,16,0,0,Normal,2,DEAD,3
758,2021-04-30 00:55:02,17,0,48,Normal,2,GOOD,1
759,2021-04-30 00:55:02,18,0,47,Normal,2,GOOD,1
760,2021-04-30 00:55:02,19,0,80,Normal,2,PERFECT,0
761,2021-04-30 00:55:02,20,0,76,Normal,2,PERFECT,0
762,2021-04-30 00:55:02,21,0,77,Normal,2,PERFECT,0
763,2021-04-30 00:55:02,22,0,67,Normal,2,PERFECT,0
764,2021-04-30 00:55:02,25,0,0,Normal,2,DEAD,3
765,2021-04-30 00:55:02,26,0,88,Normal,2,PERFECT,0
766,2021-04-30 00:55:02,27,0,53,Normal,2,GOOD,1
767,2021-04-30 00:55:02,30,0,67,Normal,2,PERFECT,0
768,2021-04-30 00:55:02,31,0,42,Normal,2,GOOD,1
769,2021-04-30 00:55:02,33,0,60,Normal,2,GOOD,1
770,2021-04-30 00:55:02,35,0,47,Normal,2,GOOD,1
771,2021-04-30 00:55:02,41,0,82,Normal,2,PERFECT,0
772,2021-04-30 00:55:02,42,0,77,Normal,2,PERFECT,0
773,2021-04-30 00:55:02,43,0,81,Normal,2,PERFECT,0
774,2021-04-30 00:55:02,44,0,0,Normal,2,DEAD,3
775,2021-04-30 00:55:02,45,0,80,Normal,2,PERFECT,0
776,2021-04-30 00:55:02,48,0,80,Normal,2,PERFECT,0
777,2021-04-30 00:55:02,50,0,41,Normal,2,GOOD,1
778,2021-04-30 00:55:02,52,0,64,Normal,2,PERFECT,0
779,2021-04-30 00:55:02,53,0,47,Normal,2,GOOD,1
780,2021-04-30 00:55:02,55,0,53,Normal,2,GOOD,1
781,2021-04-30 00:55:02,56,0,66,Normal,2,PERFECT,0
782,2021-04-30 00:55:02,59,0,40,Normal,2,GOOD,1
783,2021-04-30 00:55:02,60,0,30,Normal,2,GOOD,1
784,2021-04-30 00:55:02,61,0,33,Normal,2,GOOD,1
785,2021-04-30 00:55:02,63,0,37,Normal,2,GOOD,1
786,2021-04-30 00:55:02,66,0,63,Normal,2,PERFECT,0
787,2021-04-30 00:55:02,69,0,48,Normal,2,GOOD,1
788,2021-04-30 00:55:02,71,0,36,Normal,2,GOOD,1
789,2021-04-30 00:55:02,73,0,57,Normal,2,GOOD,1
790,2021-04-30 00:55:02,74,0,75,Normal,2,PERFECT,0
791,2021-04-30 00:55:02,75,0,66,Normal,2,PERFECT,0
792,2021-04-30 00:55:02,76,0,77,Normal,2,PERFECT,0
793,2021-04-30 00:55:02,80,0,74,Normal,2,PERFECT,0
794,2021-04-30 00:55:02,82,0,78,Normal,2,PERFECT,0
795,2021-04-30 00:55:02,83,0,48,Normal,2,GOOD,1
796,2021-04-30 00:55:02,85,0,67,Normal,2,PERFECT,0
797,2021-04-30 00:55:02,86,0,86,Normal,2,PERFECT,0
798,2021-04-30 00:55:02,87,0,43,Normal,2,GOOD,1
799,2021-04-30 00:55:02,90,0,45,Normal,2,GOOD,1
800,2021-04-30 00:55:02,92,0,80,Normal,2,PERFECT,0
801,2021-04-30 00:55:02,93,0,93,Normal,2,PERFECT,0
802,2021-04-30 00:55:02,94,0,66,Normal,2,PERFECT,0
803,2021-04-30 00:55:02,95,0,45,Normal,2,GOOD,1
804,2021-04-30 00:55:02,96,0,70,Normal,2,PERFECT,0
805,2021-04-30 00:55:02,99,0,47,Normal,2,GOOD,1
806,2021-04-30 00:55:02,102,0,87,Normal,2,PERFECT,0
807,2021-04-30 00:55:02,103,0,65,Normal,2,PERFECT,0
808,2021-04-30 00:55:02,104,0,81,Normal,2,PERFECT,0
809,2021-04-30 00:55:02,106,0,80,Normal,2,PERFECT,0
810,2021-04-30 00:55:02,111,0,68,Normal,2,PERFECT,0
811,2021-04-30 00:55:02,114,0,80,Normal,2,PERFECT,0
812,2021-04-30 00:55:02,116,0,44,Normal,2,GOOD,1
813,2021-04-30 00:55:02,117,0,41,Normal,2,GOOD,1
814,2021-04-30 00:55:02,120,0,47,Normal,2,GOOD,1
815,2021-04-30 00:55:02,124,0,77,Laying on the ground,5,PERFECT,0
816,2021-04-30 01:00:02,5,1,70,Normal,2,PERFECT,0
817,2021-04-30 01:00:02,6,1,62,Normal,2,PERFECT,0
818,2021-04-30 01:00:02,7,1,66,Normal,2,PERFECT,0
819,2021-04-30 01:00:02,8,1,68,Normal,2,PERFECT,0
820,2021-04-30 01:00:02,9,1,75,Normal,2,PERFECT,0
821,2021-04-30 01:00:02,10,1,72,Normal,2,PERFECT,0
822,2021-04-30 01:00:02,12,1,65,Normal,2,PERFECT,0
823,2021-04-30 01:00:02,13,1,77,Normal,2,PERFECT,0
824,2021-04-30 01:00:02,14,1,46,Normal,2,GOOD,1
825,2021-04-30 01:00:02,16,1,0,Normal,2,DEAD,3
826,2021-04-30 01:00:02,17,1,48,Normal,2,GOOD,1
827,2021-04-30 01:00:02,18,1,47,Normal,2,GOOD,1
828,2021-04-30 01:00:02,19,1,80,Normal,2,PERFECT,0
829,2021-04-30 01:00:02,20,1,76,Normal,2,PERFECT,0
830,2021-04-30 01:00:02,21,1,77,Normal,2,PERFECT,0
831,2021-04-30 01:00:02,22,1,67,Normal,2,PERFECT,0
832,2021-04-30 01:00:02,25,1,0,Normal,2,DEAD,3
833,2021-04-30 01:00:02,26,1,88,Normal,2,PERFECT,0
834,2021-04-30 01:00:02,27,1,53,Normal,2,GOOD,1
835,2021-04-30 01:00:02,30,1,67,Normal,2,PERFECT,0
836,2021-04-30 01:00:02,31,1,42,Normal,2,GOOD,1
837,2021-04-30 01:00:02,33,1,60,Normal,2,GOOD,1
838,2021-04-30 01:00:02,35,1,47,Normal,2,GOOD,1
839,2021-04-30 01:00:02,41,1,82,Normal,2,PERFECT,0
840,2021-04-30 01:00:02,42,1,77,Normal,2,PERFECT,0
841,2021-04-30 01:00:02,43,1,81,Normal,2,PERFECT,0
842,2021-04-30 01:00:02,44,1,0,Normal,2,DEAD,3
843,2021-04-30 01:00:02,45,1,80,Normal,2,PERFECT,0
844,2021-04-30 01:00:02,48,1,80,Normal,2,PERFECT,0
845,2021-04-30 01:00:02,50,1,41,Normal,2,GOOD,1
846,2021-04-30 01:00:02,52,1,64,Normal,2,PERFECT,0
847,2021-04-30 01:00:02,53,1,47,Normal,2,GOOD,1
848,2021-04-30 01:00:02,55,1,53,Normal,2,GOOD,1
849,2021-04-30 01:00:02,56,1,66,Normal,2,PERFECT,0
850,2021-04-30 01:00:02,59,1,40,Normal,2,GOOD,1
851,2021-04-30 01:00:02,60,1,30,Normal,2,GOOD,1
852,2021-04-30 01:00:02,61,1,33,Normal,2,GOOD,1
853,2021-04-30 01:00:02,63,1,37,Normal,2,GOOD,1
854,2021-04-30 01:00:02,66,1,63,Normal,2,PERFECT,0
855,2021-04-30 01:00:02,69,1,48,Normal,2,GOOD,1
856,2021-04-30 01:00:02,71,1,36,Normal,2,GOOD,1
857,2021-04-30 01:00:02,73,1,57,Normal,2,GOOD,1
858,2021-04-30 01:00:02,74,1,75,Normal,2,PERFECT,0
859,2021-04-30 01:00:02,75,1,66,Normal,2,PERFECT,0
860,2021-04-30 01:00:02,76,1,77,Normal,2,PERFECT,0
861,2021-04-30 01:00:02,80,1,74,Normal,2,PERFECT,0
862,2021-04-30 01:00:02,82,1,78,Normal,2,PERFECT,0
863,2021-04-30 01:00:02,83,1,48,Normal,2,GOOD,1
864,2021-04-30 01:00:02,85,1,67,Normal,2,PERFECT,0
865,2021-04-30 01:00:02,86,1,86,Normal,2,PERFECT,0
866,2021-04-30 01:00:02,87,1,43,Normal,2,GOOD,1
867,2021-04-30 01:00:02,90,1,45,Normal,2,GOOD,1
868,2021-04-30 01:00:02,92,1,80,Normal,2,PERFECT,0
869,2021-04-30 01:00:02,93,1,93,Normal,2,PERFECT,0
870,2021-04-30 01:00:02,94,1,66,Normal,2,PERFECT,0
871,2021-04-30 01:00:02,95,1,45,Normal,2,GOOD,1
872,2021-04-30 01:00:02,96,1,70,Normal,2,PERFECT,0
873,2021-04-30 01:00:02,99,1,47,Normal,2,GOOD,1
874,2021-04-30 01:00:02,102,1,87,Normal,2,PERFECT,0
875,2021-04-30 01:00:02,103,1,65,Normal,2,PERFECT,0
876,2021-04-30 01:00:02,104,1,81,Normal,2,PERFECT,0
877,2021-04-30 01:00:02,106,1,80,Normal,2,PERFECT,0
878,2021-04-30 01:00:02,111,1,68,Normal,2,PERFECT,0
879,2021-04-30 01:00:02,114,1,80,Normal,2,PERFECT,0
880,2021-04-30 01:00:02,116,1,44,Normal,2,GOOD,1
881,2021-04-30 01:00:02,117,1,41,Normal,2,GOOD,1
882,2021-04-30 01:00:02,120,1,47,Normal,2,GOOD,1
883,2021-04-30 01:00:02,124,1,77,Laying on the ground,5,PERFECT,0
884,2021-04-30 01:05:01,5,1,70,Normal,2,PERFECT,0
885,2021-04-30 01:05:01,6,1,62,Normal,2,PERFECT,0
886,2021-04-30 01:05:01,7,1,66,Normal,2,PERFECT,0
887,2021-04-30 01:05:01,8,1,68,Normal,2,PERFECT,0
888,2021-04-30 01:05:01,9,1,75,Normal,2,PERFECT,0
889,2021-04-30 01:05:01,10,1,72,Normal,2,PERFECT,0
890,2021-04-30 01:05:01,12,1,65,Normal,2,PERFECT,0
891,2021-04-30 01:05:01,13,1,77,Normal,2,PERFECT,0
892,2021-04-30 01:05:01,14,1,46,Normal,2,GOOD,1
893,2021-04-30 01:05:01,16,1,0,Normal,2,DEAD,3
894,2021-04-30 01:05:01,17,1,48,Normal,2,GOOD,1
895,2021-04-30 01:05:01,18,1,47,Normal,2,GOOD,1
896,2021-04-30 01:05:01,19,1,80,Normal,2,PERFECT,0
897,2021-04-30 01:05:01,20,1,76,Normal,2,PERFECT,0
898,2021-04-30 01:05:01,21,1,77,Normal,2,PERFECT,0
899,2021-04-30 01:05:01,22,1,67,Normal,2,PERFECT,0
900,2021-04-30 01:05:01,25,1,0,Normal,2,DEAD,3
901,2021-04-30 01:05:01,26,1,88,Normal,2,PERFECT,0
902,2021-04-30 01:05:01,27,1,53,Normal,2,GOOD,1
903,2021-04-30 01:05:01,30,1,67,Normal,2,PERFECT,0
904,2021-04-30 01:05:01,31,1,42,Normal,2,GOOD,1
905,2021-04-30 01:05:01,33,1,60,Normal,2,GOOD,1
906,2021-04-30 01:05:01,35,1,47,Normal,2,GOOD,1
907,2021-04-30 01:05:01,41,1,82,Normal,2,PERFECT,0
908,2021-04-30 01:05:01,42,1,77,Normal,2,PERFECT,0
909,2021-04-30 01:05:01,43,1,81,Normal,2,PERFECT,0
910,2021-04-30 01:05:01,44,1,0,Normal,2,DEAD,3
911,2021-04-30 01:05:01,45,1,80,Normal,2,PERFECT,0
912,2021-04-30 01:05:01,48,1,80,Normal,2,PERFECT,0
913,2021-04-30 01:05:01,50,1,41,Normal,2,GOOD,1
914,2021-04-30 01:05:01,52,1,64,Normal,2,PERFECT,0
915,2021-04-30 01:05:01,53,1,47,Normal,2,GOOD,1
916,2021-04-30 01:05:01,55,1,53,Normal,2,GOOD,1
917,2021-04-30 01:05:01,56,1,66,Normal,2,PERFECT,0
918,2021-04-30 01:05:01,59,1,40,Normal,2,GOOD,1
919,2021-04-30 01:05:01,60,1,30,Normal,2,GOOD,1
920,2021-04-30 01:05:01,61,1,33,Normal,2,GOOD,1
921,2021-04-30 01:05:01,63,1,37,Normal,2,GOOD,1
922,2021-04-30 01:05:01,66,1,63,Normal,2,PERFECT,0
923,2021-04-30 01:05:01,69,1,48,Normal,2,GOOD,1
924,2021-04-30 01:05:01,71,1,36,Normal,2,GOOD,1
925,2021-04-30 01:05:01,73,1,57,Normal,2,GOOD,1
926,2021-04-30 01:05:01,74,1,75,Normal,2,PERFECT,0
927,2021-04-30 01:05:01,75,1,66,Normal,2,PERFECT,0
928,2021-04-30 01:05:01,76,1,77,Normal,2,PERFECT,0
929,2021-04-30 01:05:01,80,1,74,Normal,2,PERFECT,0
930,2021-04-30 01:05:01,82,1,78,Normal,2,PERFECT,0
931,2021-04-30 01:05:01,83,1,48,Normal,2,GOOD,1
932,2021-04-30 01:05:01,85,1,67,Normal,2,PERFECT,0
933,2021-04-30 01:05:01,86,1,86,Normal,2,PERFECT,0
934,2021-04-30 01:05:01,87,1,43,Normal,2,GOOD,1
935,2021-04-30 01:05:01,90,1,45,Normal,2,GOOD,1
936,2021-04-30 01:05:01,92,1,80,Normal,2,PERFECT,0
937,2021-04-30 01:05:01,93,1,93,Normal,2,PERFECT,0
938,2021-04-30 01:05:01,94,1,66,Normal,2,PERFECT,0
939,2021-04-30 01:05:01,95,1,45,Normal,2,GOOD,1
940,2021-04-30 01:05:01,96,1,70,Normal,2,PERFECT,0
941,2021-04-30 01:05:01,99,1,47,Normal,2,GOOD,1
942,2021-04-30 01:05:01,102,1,87,Normal,2,PERFECT,0
943,2021-04-30 01:05:01,103,1,65,Normal,2,PERFECT,0
944,2021-04-30 01:05:01,104,1,81,Normal,2,PERFECT,0
945,2021-04-30 01:05:01,106,1,80,Normal,2,PERFECT,0
946,2021-04-30 01:05:01,111,1,68,Normal,2,PERFECT,0
947,2021-04-30 01:05:01,114,1,80,Normal,2,PERFECT,0
948,2021-04-30 01:05:01,116,1,44,Normal,2,GOOD,1
949,2021-04-30 01:05:01,117,1,41,Normal,2,GOOD,1
950,2021-04-30 01:05:01,120,1,47,Normal,2,GOOD,1
951,2021-04-30 01:05:01,124,1,77,Laying on the ground,5,PERFECT,0
952,2021-04-30 01:10:01,5,1,70,Normal,2,PERFECT,0
953,2021-04-30 01:10:01,6,1,62,Normal,2,PERFECT,0
954,2021-04-30 01:10:01,7,1,66,Normal,2,PERFECT,0
955,2021-04-30 01:10:01,8,1,68,Normal,2,PERFECT,0
956,2021-04-30 01:10:01,9,1,75,Normal,2,PERFECT,0
957,2021-04-30 01:10:01,10,1,72,Normal,2,PERFECT,0
958,2021-04-30 01:10:01,12,1,65,Normal,2,PERFECT,0
959,2021-04-30 01:10:01,13,1,77,Normal,2,PERFECT,0
960,2021-04-30 01:10:01,14,1,46,Normal,2,GOOD,1
961,2021-04-30 01:10:01,16,1,0,Normal,2,DEAD,3
962,2021-04-30 01:10:01,17,1,48,Normal,2,GOOD,1
963,2021-04-30 01:10:01,18,1,47,Normal,2,GOOD,1
964,2021-04-30 01:10:01,19,1,80,Normal,2,PERFECT,0
965,2021-04-30 01:10:01,20,1,76,Normal,2,PERFECT,0
966,2021-04-30 01:10:01,21,1,77,Normal,2,PERFECT,0
967,2021-04-30 01:10:01,22,1,67,Normal,2,PERFECT,0
968,2021-04-30 01:10:01,25,1,0,Normal,2,DEAD,3
969,2021-04-30 01:10:01,26,1,88,Normal,2,PERFECT,0
970,2021-04-30 01:10:01,27,1,53,Normal,2,GOOD,1
971,2021-04-30 01:10:01,30,1,67,Normal,2,PERFECT,0
972,2021-04-30 01:10:01,31,1,42,Normal,2,GOOD,1
973,2021-04-30 01:10:01,33,1,60,Normal,2,GOOD,1
974,2021-04-30 01:10:01,35,1,47,Normal,2,GOOD,1
975,2021-04-30 01:10:01,41,1,82,Normal,2,PERFECT,0
976,2021-04-30 01:10:01,42,1,77,Normal,2,PERFECT,0
977,2021-04-30 01:10:01,43,1,81,Normal,2,PERFECT,0
978,2021-04-30 01:10:01,44,1,0,Normal,2,DEAD,3
979,2021-04-30 01:10:01,45,1,80,Normal,2,PERFECT,0
980,2021-04-30 01:10:01,48,1,80,Normal,2,PERFECT,0
981,2021-04-30 01:10:01,50,1,41,Normal,2,GOOD,1
982,2021-04-30 01:10:01,52,1,64,Normal,2,PERFECT,0
983,2021-04-30 01:10:01,53,1,47,Normal,2,GOOD,1
984,2021-04-30 01:10:01,55,1,53,Normal,2,GOOD,1
985,2021-04-30 01:10:01,56,1,66,Normal,2,PERFECT,0
986,2021-04-30 01:10:01,59,1,40,Normal,2,GOOD,1
987,2021-04-30 01:10:01,60,1,30,Normal,2,GOOD,1
988,2021-04-30 01:10:01,61,1,33,Normal,2,GOOD,1
989,2021-04-30 01:10:01,63,1,37,Normal,2,GOOD,1
990,2021-04-30 01:10:01,66,1,63,Normal,2,PERFECT,0
991,2021-04-30 01:10:01,69,1,48,Normal,2,GOOD,1
992,2021-04-30 01:10:01,71,1,36,Normal,2,GOOD,1
993,2021-04-30 01:10:01,73,1,57,Normal,2,GOOD,1
994,2021-04-30 01:10:01,74,1,75,Normal,2,PERFECT,0
995,2021-04-30 01:10:01,75,1,66,Normal,2,PERFECT,0
996,2021-04-30 01:10:01,76,1,77,Normal,2,PERFECT,0
997,2021-04-30 01:10:01,80,1,74,Normal,2,PERFECT,0
998,2021-04-30 01:10:01,82,1,78,Normal,2,PERFECT,0
999,2021-04-30 01:10:01,83,1,48,Normal,2,GOOD,1
1000,2021-04-30 01:10:01,85,1,67,Normal,2,PERFECT,0
1001,2021-04-30 01:10:01,86,1,86,Normal,2,PERFECT,0
1002,2021-04-30 01:10:01,87,1,43,Normal,2,GOOD,1
1003,2021-04-30 01:10:01,90,1,45,Normal,2,GOOD,1
1004,2021-04-30 01:10:01,92,1,80,Normal,2,PERFECT,0
1005,2021-04-30 01:10:01,93,1,93,Normal,2,PERFECT,0
1006,2021-04-30 01:10:01,94,1,66,Normal,2,PERFECT,0
1007,2021-04-30 01:10:01,95,1,45,Normal,2,GOOD,1
1008,2021-04-30 01:10:01,96,1,70,Normal,2,PERFECT,0
1009,2021-04-30 01:10:01,99,1,47,Normal,2,GOOD,1
1010,2021-04-30 01:10:01,102,1,87,Normal,2,PERFECT,0
1011,2021-04-30 01:10:01,103,1,65,Normal,2,PERFECT,0
1012,2021-04-30 01:10:01,104,1,81,Normal,2,PERFECT,0
1013,2021-04-30 01:10:01,106,1,80,Normal,2,PERFECT,0
1014,2021-04-30 01:10:01,111,1,68,Normal,2,PERFECT,0
1015,2021-04-30 01:10:01,114,1,80,Normal,2,PERFECT,0
1016,2021-04-30 01:10:01,116,1,44,Normal,2,GOOD,1
1017,2021-04-30 01:10:01,117,1,41,Normal,2,GOOD,1
1018,2021-04-30 01:10:01,120,1,47,Normal,2,GOOD,1
1019,2021-04-30 01:10:01,124,1,77,Laying on the ground,5,PERFECT,0
1020,2021-04-30 06:10:02,5,6,68,Normal,2,PERFECT,0
1021,2021-04-30 06:10:02,6,6,54,Normal,2,GOOD,1
1022,2021-04-30 06:10:02,7,6,65,Normal,2,PERFECT,0
1023,2021-04-30 06:10:02,8,6,68,Normal,2,PERFECT,0
1024,2021-04-30 06:10:02,9,6,74,Normal,2,PERFECT,0
1025,2021-04-30 06:10:02,10,6,71,Normal,2,PERFECT,0
1026,2021-04-30 06:10:02,12,6,62,Normal,2,PERFECT,0
1027,2021-04-30 06:10:02,13,6,77,Normal,2,PERFECT,0
1028,2021-04-30 06:10:02,14,6,45,Normal,2,GOOD,1
1029,2021-04-30 06:10:02,16,6,0,Normal,2,DEAD,3
1030,2021-04-30 06:10:02,17,6,48,Normal,2,GOOD,1
1031,2021-04-30 06:10:02,18,6,46,Normal,2,GOOD,1
1032,2021-04-30 06:10:02,19,6,80,Normal,2,PERFECT,0
1033,2021-04-30 06:10:02,20,6,75,Normal,2,PERFECT,0
1034,2021-04-30 06:10:02,21,6,76,Normal,2,PERFECT,0
1035,2021-04-30 06:10:02,22,6,67,Normal,2,PERFECT,0
1036,2021-04-30 06:10:02,25,6,0,Normal,2,DEAD,3
1037,2021-04-30 06:10:02,26,6,86,Normal,2,PERFECT,0
1038,2021-04-30 06:10:02,27,6,53,Normal,2,GOOD,1
1039,2021-04-30 06:10:02,30,6,67,Normal,2,PERFECT,0
1040,2021-04-30 06:10:02,31,6,41,Normal,2,GOOD,1
1041,2021-04-30 06:10:02,33,6,57,Normal,2,GOOD,1
1042,2021-04-30 06:10:02,35,6,47,Normal,2,GOOD,1
1043,2021-04-30 06:10:02,41,6,81,Normal,2,PERFECT,0
1044,2021-04-30 06:10:02,42,6,77,Normal,2,PERFECT,0
1045,2021-04-30 06:10:02,43,6,81,Normal,2,PERFECT,0
1046,2021-04-30 06:10:02,44,6,0,Normal,2,DEAD,3
1047,2021-04-30 06:10:02,45,6,78,Normal,2,PERFECT,0
1048,2021-04-30 06:10:02,48,6,78,Normal,2,PERFECT,0
1049,2021-04-30 06:10:02,50,6,41,Normal,2,GOOD,1
1050,2021-04-30 06:10:02,52,6,63,Normal,2,PERFECT,0
1051,2021-04-30 06:10:02,53,6,46,Normal,2,GOOD,1
1052,2021-04-30 06:10:02,55,6,52,Laying on the ground,5,GOOD,1
1053,2021-04-30 06:10:02,56,6,66,Normal,2,PERFECT,0
1054,2021-04-30 06:10:02,59,6,37,Normal,2,GOOD,1
1055,2021-04-30 06:10:02,60,6,28,Normal,2,GOOD,1
1056,2021-04-30 06:10:02,61,6,32,Normal,2,GOOD,1
1057,2021-04-30 06:10:02,63,6,36,Normal,2,GOOD,1
1058,2021-04-30 06:10:02,66,6,62,Normal,2,PERFECT,0
1059,2021-04-30 06:10:02,69,6,47,Normal,2,GOOD,1
1060,2021-04-30 06:10:02,71,6,35,Normal,2,GOOD,1
1061,2021-04-30 06:10:02,73,6,53,Normal,2,GOOD,1
1062,2021-04-30 06:10:02,74,6,75,Normal,2,PERFECT,0
1063,2021-04-30 06:10:02,75,6,66,Normal,2,PERFECT,0
1064,2021-04-30 06:10:02,76,6,76,Normal,2,PERFECT,0
1065,2021-04-30 06:10:02,80,6,73,Normal,2,PERFECT,0
1066,2021-04-30 06:10:02,82,6,76,Normal,2,PERFECT,0
1067,2021-04-30 06:10:02,83,6,47,Normal,2,GOOD,1
1068,2021-04-30 06:10:02,85,6,67,Normal,2,PERFECT,0
1069,2021-04-30 06:10:02,86,6,85,Normal,2,PERFECT,0
1070,2021-04-30 06:10:02,87,6,42,Normal,2,GOOD,1
1071,2021-04-30 06:10:02,90,6,45,Normal,2,GOOD,1
1072,2021-04-30 06:10:02,92,6,78,Normal,2,PERFECT,0
1073,2021-04-30 06:10:02,93,6,93,Normal,2,PERFECT,0
1074,2021-04-30 06:10:02,94,6,64,Normal,2,PERFECT,0
1075,2021-04-30 06:10:02,95,6,44,Normal,2,GOOD,1
1076,2021-04-30 06:10:02,96,6,70,Normal,2,PERFECT,0
1077,2021-04-30 06:10:02,99,6,46,Normal,2,GOOD,1
1078,2021-04-30 06:10:02,102,6,87,Normal,2,PERFECT,0
1079,2021-04-30 06:10:02,103,6,65,Normal,2,PERFECT,0
1080,2021-04-30 06:10:02,104,6,78,Normal,2,PERFECT,0
1081,2021-04-30 06:10:02,106,6,78,Normal,2,PERFECT,0
1082,2021-04-30 06:10:02,111,6,67,Normal,2,PERFECT,0
1083,2021-04-30 06:10:02,114,6,78,Normal,2,PERFECT,0
1084,2021-04-30 06:10:02,116,6,42,Normal,2,GOOD,1
1085,2021-04-30 06:10:02,117,6,41,Normal,2,GOOD,1
1086,2021-04-30 06:10:02,120,6,46,Normal,2,GOOD,1
1087,2021-04-30 06:10:02,124,6,76,Laying on the ground,5,PERFECT,0
1088,2021-04-30 06:15:01,5,6,68,Normal,2,PERFECT,0
1089,2021-04-30 06:15:01,6,6,54,Normal,2,GOOD,1
1090,2021-04-30 06:15:01,7,6,65,Normal,2,PERFECT,0
1091,2021-04-30 06:15:01,8,6,68,Normal,2,PERFECT,0
1092,2021-04-30 06:15:01,9,6,74,Normal,2,PERFECT,0
1093,2021-04-30 06:15:01,10,6,71,Normal,2,PERFECT,0
1094,2021-04-30 06:15:01,12,6,62,Normal,2,PERFECT,0
1095,2021-04-30 06:15:01,13,6,77,Normal,2,PERFECT,0
1096,2021-04-30 06:15:01,14,6,45,Normal,2,GOOD,1
1097,2021-04-30 06:15:01,16,6,0,Normal,2,DEAD,3
1098,2021-04-30 06:15:01,17,6,48,Normal,2,GOOD,1
1099,2021-04-30 06:15:01,18,6,46,Normal,2,GOOD,1
1100,2021-04-30 06:15:01,19,6,80,Normal,2,PERFECT,0
1101,2021-04-30 06:15:01,20,6,75,Normal,2,PERFECT,0
1102,2021-04-30 06:15:01,21,6,76,Normal,2,PERFECT,0
1103,2021-04-30 06:15:01,22,6,67,Normal,2,PERFECT,0
1104,2021-04-30 06:15:01,25,6,0,Normal,2,DEAD,3
1105,2021-04-30 06:15:01,26,6,86,Normal,2,PERFECT,0
1106,2021-04-30 06:15:01,27,6,53,Normal,2,GOOD,1
1107,2021-04-30 06:15:01,30,6,67,Normal,2,PERFECT,0
1108,2021-04-30 06:15:01,31,6,41,Normal,2,GOOD,1
1109,2021-04-30 06:15:01,33,6,57,Normal,2,GOOD,1
1110,2021-04-30 06:15:01,35,6,47,Normal,2,GOOD,1
1111,2021-04-30 06:15:01,41,6,81,Normal,2,PERFECT,0
1112,2021-04-30 06:15:01,42,6,77,Normal,2,PERFECT,0
1113,2021-04-30 06:15:01,43,6,81,Normal,2,PERFECT,0
1114,2021-04-30 06:15:01,44,6,0,Normal,2,DEAD,3
1115,2021-04-30 06:15:01,45,6,78,Normal,2,PERFECT,0
1116,2021-04-30 06:15:01,48,6,78,Normal,2,PERFECT,0
1117,2021-04-30 06:15:01,50,6,41,Normal,2,GOOD,1
1118,2021-04-30 06:15:01,52,6,63,Normal,2,PERFECT,0
1119,2021-04-30 06:15:01,53,6,46,Normal,2,GOOD,1
1120,2021-04-30 06:15:01,55,6,52,Laying on the ground,5,GOOD,1
1121,2021-04-30 06:15:01,56,6,66,Normal,2,PERFECT,0
1122,2021-04-30 06:15:01,59,6,37,Normal,2,GOOD,1
1123,2021-04-30 06:15:01,60,6,28,Normal,2,GOOD,1
1124,2021-04-30 06:15:01,61,6,32,Normal,2,GOOD,1
1125,2021-04-30 06:15:01,63,6,36,Normal,2,GOOD,1
1126,2021-04-30 06:15:01,66,6,62,Normal,2,PERFECT,0
1127,2021-04-30 06:15:01,69,6,47,Normal,2,GOOD,1
1128,2021-04-30 06:15:01,71,6,35,Normal,2,GOOD,1
1129,2021-04-30 06:15:01,73,6,53,Normal,2,GOOD,1
1130,2021-04-30 06:15:01,74,6,75,Normal,2,PERFECT,0
1131,2021-04-30 06:15:01,75,6,66,Normal,2,PERFECT,0
1132,2021-04-30 06:15:01,76,6,76,Normal,2,PERFECT,0
1133,2021-04-30 06:15:01,80,6,73,Normal,2,PERFECT,0
1134,2021-04-30 06:15:01,82,6,76,Normal,2,PERFECT,0
1135,2021-04-30 06:15:01,83,6,47,Normal,2,GOOD,1
1136,2021-04-30 06:15:01,85,6,67,Normal,2,PERFECT,0
1137,2021-04-30 06:15:01,86,6,85,Normal,2,PERFECT,0
1138,2021-04-30 06:15:01,87,6,42,Normal,2,GOOD,1
1139,2021-04-30 06:15:01,90,6,45,Normal,2,GOOD,1
1140,2021-04-30 06:15:01,92,6,78,Normal,2,PERFECT,0
1141,2021-04-30 06:15:01,93,6,93,Normal,2,PERFECT,0
1142,2021-04-30 06:15:01,94,6,64,Normal,2,PERFECT,0
1143,2021-04-30 06:15:01,95,6,44,Normal,2,GOOD,1
1144,2021-04-30 06:15:01,96,6,68,Normal,2,PERFECT,0
1145,2021-04-30 06:15:01,99,6,46,Normal,2,GOOD,1
1146,2021-04-30 06:15:01,102,6,87,Normal,2,PERFECT,0
1147,2021-04-30 06:15:01,103,6,65,Normal,2,PERFECT,0
1148,2021-04-30 06:15:01,104,6,78,Normal,2,PERFECT,0
1149,2021-04-30 06:15:01,106,6,78,Normal,2,PERFECT,0
1150,2021-04-30 06:15:01,111,6,67,Normal,2,PERFECT,0
1151,2021-04-30 06:15:01,114,6,78,Normal,2,PERFECT,0
1152,2021-04-30 06:15:01,116,6,42,Normal,2,GOOD,1
1153,2021-04-30 06:15:01,117,6,41,Normal,2,GOOD,1
1154,2021-04-30 06:15:01,120,6,46,Normal,2,GOOD,1
1155,2021-04-30 06:15:01,124,6,76,Laying on the ground,5,PERFECT,0
1156,2021-04-30 06:20:02,5,6,68,Normal,2,PERFECT,0
1157,2021-04-30 06:20:02,6,6,54,Normal,2,GOOD,1
1158,2021-04-30 06:20:02,7,6,65,Normal,2,PERFECT,0
1159,2021-04-30 06:20:02,8,6,66,Normal,2,PERFECT,0
1160,2021-04-30 06:20:02,9,6,74,Normal,2,PERFECT,0
1161,2021-04-30 06:20:02,10,6,71,Normal,2,PERFECT,0
1162,2021-04-30 06:20:02,12,6,62,Normal,2,PERFECT,0
1163,2021-04-30 06:20:02,13,6,77,Normal,2,PERFECT,0
1164,2021-04-30 06:20:02,14,6,45,Normal,2,GOOD,1
1165,2021-04-30 06:20:02,16,6,0,Normal,2,DEAD,3
1166,2021-04-30 06:20:02,17,6,48,Normal,2,GOOD,1
1167,2021-04-30 06:20:02,18,6,46,Normal,2,GOOD,1
1168,2021-04-30 06:20:02,19,6,80,Normal,2,PERFECT,0
1169,2021-04-30 06:20:02,20,6,75,Normal,2,PERFECT,0
1170,2021-04-30 06:20:02,21,6,76,Normal,2,PERFECT,0
1171,2021-04-30 06:20:02,22,6,67,Normal,2,PERFECT,0
1172,2021-04-30 06:20:02,25,6,0,Normal,2,DEAD,3
1173,2021-04-30 06:20:02,26,6,86,Normal,2,PERFECT,0
1174,2021-04-30 06:20:02,27,6,53,Normal,2,GOOD,1
1175,2021-04-30 06:20:02,30,6,67,Normal,2,PERFECT,0
1176,2021-04-30 06:20:02,31,6,41,Normal,2,GOOD,1
1177,2021-04-30 06:20:02,33,6,57,Normal,2,GOOD,1
1178,2021-04-30 06:20:02,35,6,47,Normal,2,GOOD,1
1179,2021-04-30 06:20:02,41,6,81,Normal,2,PERFECT,0
1180,2021-04-30 06:20:02,42,6,77,Normal,2,PERFECT,0
1181,2021-04-30 06:20:02,43,6,81,Normal,2,PERFECT,0
1182,2021-04-30 06:20:02,44,6,0,Normal,2,DEAD,3
1183,2021-04-30 06:20:02,45,6,78,Normal,2,PERFECT,0
1184,2021-04-30 06:20:02,48,6,78,Normal,2,PERFECT,0
1185,2021-04-30 06:20:02,50,6,41,Normal,2,GOOD,1
1186,2021-04-30 06:20:02,52,6,63,Normal,2,PERFECT,0
1187,2021-04-30 06:20:02,53,6,46,Normal,2,GOOD,1
1188,2021-04-30 06:20:02,55,6,52,Laying on the ground,5,GOOD,1
1189,2021-04-30 06:20:02,56,6,66,Normal,2,PERFECT,0
1190,2021-04-30 06:20:02,59,6,37,Normal,2,GOOD,1
1191,2021-04-30 06:20:02,60,6,28,Normal,2,GOOD,1
1192,2021-04-30 06:20:02,61,6,32,Normal,2,GOOD,1
1193,2021-04-30 06:20:02,63,6,36,Normal,2,GOOD,1
1194,2021-04-30 06:20:02,66,6,62,Normal,2,PERFECT,0
1195,2021-04-30 06:20:02,69,6,47,Normal,2,GOOD,1
1196,2021-04-30 06:20:02,71,6,35,Normal,2,GOOD,1
1197,2021-04-30 06:20:02,73,6,53,Normal,2,GOOD,1
1198,2021-04-30 06:20:02,74,6,75,Normal,2,PERFECT,0
1199,2021-04-30 06:20:02,75,6,66,Normal,2,PERFECT,0
1200,2021-04-30 06:20:02,76,6,76,Normal,2,PERFECT,0
1201,2021-04-30 06:20:02,80,6,73,Normal,2,PERFECT,0
1202,2021-04-30 06:20:02,82,6,76,Normal,2,PERFECT,0
1203,2021-04-30 06:20:02,83,6,47,Normal,2,GOOD,1
1204,2021-04-30 06:20:02,85,6,67,Normal,2,PERFECT,0
1205,2021-04-30 06:20:02,86,6,85,Normal,2,PERFECT,0
1206,2021-04-30 06:20:02,87,6,42,Normal,2,GOOD,1
1207,2021-04-30 06:20:02,90,6,45,Normal,2,GOOD,1
1208,2021-04-30 06:20:02,92,6,78,Normal,2,PERFECT,0
1209,2021-04-30 06:20:02,93,6,93,Normal,2,PERFECT,0
1210,2021-04-30 06:20:02,94,6,64,Normal,2,PERFECT,0
1211,2021-04-30 06:20:02,95,6,44,Normal,2,GOOD,1
1212,2021-04-30 06:20:02,96,6,68,Normal,2,PERFECT,0
1213,2021-04-30 06:20:02,99,6,46,Normal,2,GOOD,1
1214,2021-04-30 06:20:02,102,6,87,Normal,2,PERFECT,0
1215,2021-04-30 06:20:02,103,6,65,Normal,2,PERFECT,0
1216,2021-04-30 06:20:02,104,6,78,Normal,2,PERFECT,0
1217,2021-04-30 06:20:02,106,6,78,Normal,2,PERFECT,0
1218,2021-04-30 06:20:02,111,6,67,Normal,2,PERFECT,0
1219,2021-04-30 06:20:02,114,6,78,Normal,2,PERFECT,0
1220,2021-04-30 06:20:02,116,6,42,Normal,2,GOOD,1
1221,2021-04-30 06:20:02,117,6,41,Normal,2,GOOD,1
1222,2021-04-30 06:20:02,120,6,46,Normal,2,GOOD,1
1223,2021-04-30 06:20:02,124,6,76,Laying on the ground,5,PERFECT,0
1224,2021-04-30 06:25:02,5,6,68,Normal,2,PERFECT,0
1225,2021-04-30 06:25:02,6,6,54,Normal,2,GOOD,1
1226,2021-04-30 06:25:02,7,6,65,Normal,2,PERFECT,0
1227,2021-04-30 06:25:02,8,6,66,Normal,2,PERFECT,0
1228,2021-04-30 06:25:02,9,6,74,Normal,2,PERFECT,0
1229,2021-04-30 06:25:02,10,6,71,Normal,2,PERFECT,0
1230,2021-04-30 06:25:02,12,6,62,Normal,2,PERFECT,0
1231,2021-04-30 06:25:02,13,6,77,Normal,2,PERFECT,0
1232,2021-04-30 06:25:02,14,6,45,Normal,2,GOOD,1
1233,2021-04-30 06:25:02,16,6,0,Normal,2,DEAD,3
1234,2021-04-30 06:25:02,17,6,48,Normal,2,GOOD,1
1235,2021-04-30 06:25:02,18,6,46,Normal,2,GOOD,1
1236,2021-04-30 06:25:02,19,6,80,Normal,2,PERFECT,0
1237,2021-04-30 06:25:02,20,6,75,Normal,2,PERFECT,0
1238,2021-04-30 06:25:02,21,6,76,Normal,2,PERFECT,0
1239,2021-04-30 06:25:02,22,6,67,Normal,2,PERFECT,0
1240,2021-04-30 06:25:02,25,6,0,Normal,2,DEAD,3
1241,2021-04-30 06:25:02,26,6,86,Normal,2,PERFECT,0
1242,2021-04-30 06:25:02,27,6,53,Normal,2,GOOD,1
1243,2021-04-30 06:25:02,30,6,67,Normal,2,PERFECT,0
1244,2021-04-30 06:25:02,31,6,41,Normal,2,GOOD,1
1245,2021-04-30 06:25:02,33,6,57,Normal,2,GOOD,1
1246,2021-04-30 06:25:02,35,6,47,Normal,2,GOOD,1
1247,2021-04-30 06:25:02,41,6,81,Normal,2,PERFECT,0
1248,2021-04-30 06:25:02,42,6,77,Normal,2,PERFECT,0
1249,2021-04-30 06:25:02,43,6,81,Normal,2,PERFECT,0
1250,2021-04-30 06:25:02,44,6,0,Normal,2,DEAD,3
1251,2021-04-30 06:25:02,45,6,78,Normal,2,PERFECT,0
1252,2021-04-30 06:25:02,48,6,78,Normal,2,PERFECT,0
1253,2021-04-30 06:25:02,50,6,41,Normal,2,GOOD,1
1254,2021-04-30 06:25:02,52,6,63,Normal,2,PERFECT,0
1255,2021-04-30 06:25:02,53,6,46,Normal,2,GOOD,1
1256,2021-04-30 06:25:02,55,6,52,Laying on the ground,5,GOOD,1
1257,2021-04-30 06:25:02,56,6,66,Normal,2,PERFECT,0
1258,2021-04-30 06:25:02,59,6,37,Normal,2,GOOD,1
1259,2021-04-30 06:25:02,60,6,28,Normal,2,GOOD,1
1260,2021-04-30 06:25:02,61,6,32,Normal,2,GOOD,1
1261,2021-04-30 06:25:02,63,6,36,Normal,2,GOOD,1
1262,2021-04-30 06:25:02,66,6,62,Normal,2,PERFECT,0
1263,2021-04-30 06:25:02,69,6,47,Normal,2,GOOD,1
1264,2021-04-30 06:25:02,71,6,35,Normal,2,GOOD,1
1265,2021-04-30 06:25:02,73,6,53,Normal,2,GOOD,1
1266,2021-04-30 06:25:02,74,6,75,Normal,2,PERFECT,0
1267,2021-04-30 06:25:02,75,6,66,Normal,2,PERFECT,0
1268,2021-04-30 06:25:02,76,6,76,Normal,2,PERFECT,0
1269,2021-04-30 06:25:02,80,6,73,Normal,2,PERFECT,0
1270,2021-04-30 06:25:02,82,6,76,Normal,2,PERFECT,0
1271,2021-04-30 06:25:02,83,6,47,Normal,2,GOOD,1
1272,2021-04-30 06:25:02,85,6,67,Normal,2,PERFECT,0
1273,2021-04-30 06:25:02,86,6,85,Normal,2,PERFECT,0
1274,2021-04-30 06:25:02,87,6,42,Normal,2,GOOD,1
1275,2021-04-30 06:25:02,90,6,45,Normal,2,GOOD,1
1276,2021-04-30 06:25:02,92,6,78,Normal,2,PERFECT,0
1277,2021-04-30 06:25:02,93,6,93,Normal,2,PERFECT,0
1278,2021-04-30 06:25:02,94,6,64,Normal,2,PERFECT,0
1279,2021-04-30 06:25:02,95,6,44,Normal,2,GOOD,1
1280,2021-04-30 06:25:02,96,6,68,Normal,2,PERFECT,0
1281,2021-04-30 06:25:02,99,6,46,Normal,2,GOOD,1
1282,2021-04-30 06:25:02,102,6,87,Normal,2,PERFECT,0
1283,2021-04-30 06:25:02,103,6,65,Normal,2,PERFECT,0
1284,2021-04-30 06:25:02,104,6,78,Normal,2,PERFECT,0
1285,2021-04-30 06:25:02,106,6,78,Normal,2,PERFECT,0
1286,2021-04-30 06:25:02,111,6,67,Normal,2,PERFECT,0
1287,2021-04-30 06:25:02,114,6,78,Normal,2,PERFECT,0
1288,2021-04-30 06:25:02,116,6,42,Normal,2,GOOD,1
1289,2021-04-30 06:25:02,117,6,41,Normal,2,GOOD,1
1290,2021-04-30 06:25:02,120,6,46,Normal,2,GOOD,1
1291,2021-04-30 06:25:02,124,6,76,Laying on the ground,5,PERFECT,0
1292,2021-04-30 06:30:02,5,6,68,Normal,2,PERFECT,0
1293,2021-04-30 06:30:02,6,6,54,Normal,2,GOOD,1
1294,2021-04-30 06:30:02,7,6,65,Normal,2,PERFECT,0
1295,2021-04-30 06:30:02,8,6,66,Normal,2,PERFECT,0
1296,2021-04-30 06:30:02,9,6,74,Normal,2,PERFECT,0
1297,2021-04-30 06:30:02,10,6,71,Normal,2,PERFECT,0
1298,2021-04-30 06:30:02,12,6,62,Normal,2,PERFECT,0
1299,2021-04-30 06:30:02,13,6,77,Normal,2,PERFECT,0
1300,2021-04-30 06:30:02,14,6,45,Normal,2,GOOD,1
1301,2021-04-30 06:30:02,16,6,0,Normal,2,DEAD,3
1302,2021-04-30 06:30:02,17,6,48,Normal,2,GOOD,1
1303,2021-04-30 06:30:02,18,6,45,Normal,2,GOOD,1
1304,2021-04-30 06:30:02,19,6,80,Normal,2,PERFECT,0
1305,2021-04-30 06:30:02,20,6,75,Normal,2,PERFECT,0
1306,2021-04-30 06:30:02,21,6,76,Normal,2,PERFECT,0
1307,2021-04-30 06:30:02,22,6,67,Normal,2,PERFECT,0
1308,2021-04-30 06:30:02,25,6,0,Normal,2,DEAD,3
1309,2021-04-30 06:30:02,26,6,86,Normal,2,PERFECT,0
1310,2021-04-30 06:30:02,27,6,53,Normal,2,GOOD,1
1311,2021-04-30 06:30:02,30,6,67,Normal,2,PERFECT,0
1312,2021-04-30 06:30:02,31,6,41,Normal,2,GOOD,1
1313,2021-04-30 06:30:02,33,6,57,Normal,2,GOOD,1
1314,2021-04-30 06:30:02,35,6,47,Normal,2,GOOD,1
1315,2021-04-30 06:30:02,41,6,81,Normal,2,PERFECT,0
1316,2021-04-30 06:30:02,42,6,77,Normal,2,PERFECT,0
1317,2021-04-30 06:30:02,43,6,81,Normal,2,PERFECT,0
1318,2021-04-30 06:30:02,44,6,0,Normal,2,DEAD,3
1319,2021-04-30 06:30:02,45,6,78,Normal,2,PERFECT,0
1320,2021-04-30 06:30:02,48,6,78,Normal,2,PERFECT,0
1321,2021-04-30 06:30:02,50,6,41,Normal,2,GOOD,1
1322,2021-04-30 06:30:02,52,6,63,Normal,2,PERFECT,0
1323,2021-04-30 06:30:02,53,6,46,Normal,2,GOOD,1
1324,2021-04-30 06:30:02,55,6,52,Laying on the ground,5,GOOD,1
1325,2021-04-30 06:30:02,56,6,66,Normal,2,PERFECT,0
1326,2021-04-30 06:30:02,59,6,37,Normal,2,GOOD,1
1327,2021-04-30 06:30:02,60,6,28,Normal,2,GOOD,1
1328,2021-04-30 06:30:02,61,6,32,Normal,2,GOOD,1
1329,2021-04-30 06:30:02,63,6,36,Normal,2,GOOD,1
1330,2021-04-30 06:30:02,66,6,62,Normal,2,PERFECT,0
1331,2021-04-30 06:30:02,69,6,47,Normal,2,GOOD,1
1332,2021-04-30 06:30:02,71,6,35,Normal,2,GOOD,1
1333,2021-04-30 06:30:02,73,6,53,Normal,2,GOOD,1
1334,2021-04-30 06:30:02,74,6,75,Normal,2,PERFECT,0
1335,2021-04-30 06:30:02,75,6,66,Normal,2,PERFECT,0
1336,2021-04-30 06:30:02,76,6,76,Normal,2,PERFECT,0
1337,2021-04-30 06:30:02,80,6,73,Normal,2,PERFECT,0
1338,2021-04-30 06:30:02,82,6,76,Normal,2,PERFECT,0
1339,2021-04-30 06:30:02,83,6,47,Normal,2,GOOD,1
1340,2021-04-30 06:30:02,85,6,67,Normal,2,PERFECT,0
1341,2021-04-30 06:30:02,86,6,85,Normal,2,PERFECT,0
1342,2021-04-30 06:30:02,87,6,42,Normal,2,GOOD,1
1343,2021-04-30 06:30:02,90,6,45,Normal,2,GOOD,1
1344,2021-04-30 06:30:02,92,6,78,Normal,2,PERFECT,0
1345,2021-04-30 06:30:02,93,6,93,Normal,2,PERFECT,0
1346,2021-04-30 06:30:02,94,6,64,Normal,2,PERFECT,0
1347,2021-04-30 06:30:02,95,6,44,Normal,2,GOOD,1
1348,2021-04-30 06:30:02,96,6,68,Normal,2,PERFECT,0
1349,2021-04-30 06:30:02,99,6,46,Normal,2,GOOD,1
1350,2021-04-30 06:30:02,102,6,87,Normal,2,PERFECT,0
1351,2021-04-30 06:30:02,103,6,65,Normal,2,PERFECT,0
1352,2021-04-30 06:30:02,104,6,78,Normal,2,PERFECT,0
1353,2021-04-30 06:30:02,106,6,78,Normal,2,PERFECT,0
1354,2021-04-30 06:30:02,111,6,67,Normal,2,PERFECT,0
1355,2021-04-30 06:30:02,114,6,78,Normal,2,PERFECT,0
1356,2021-04-30 06:30:02,116,6,42,Normal,2,GOOD,1
1357,2021-04-30 06:30:02,117,6,41,Normal,2,GOOD,1
1358,2021-04-30 06:30:02,120,6,46,Normal,2,GOOD,1
1359,2021-04-30 06:30:02,124,6,76,Laying on the ground,5,PERFECT,0
1360,2021-04-30 06:35:02,5,6,68,Normal,2,PERFECT,0
1361,2021-04-30 06:35:02,6,6,54,Normal,2,GOOD,1
1362,2021-04-30 06:35:02,7,6,65,Normal,2,PERFECT,0
1363,2021-04-30 06:35:02,8,6,66,Normal,2,PERFECT,0
1364,2021-04-30 06:35:02,9,6,74,Normal,2,PERFECT,0
1365,2021-04-30 06:35:02,10,6,71,Normal,2,PERFECT,0
1366,2021-04-30 06:35:02,12,6,62,Normal,2,PERFECT,0
1367,2021-04-30 06:35:02,13,6,77,Normal,2,PERFECT,0
1368,2021-04-30 06:35:02,14,6,45,Normal,2,GOOD,1
1369,2021-04-30 06:35:02,16,6,0,Normal,2,DEAD,3
1370,2021-04-30 06:35:02,17,6,48,Normal,2,GOOD,1
1371,2021-04-30 06:35:02,18,6,45,Normal,2,GOOD,1
1372,2021-04-30 06:35:02,19,6,80,Normal,2,PERFECT,0
1373,2021-04-30 06:35:02,20,6,75,Normal,2,PERFECT,0
1374,2021-04-30 06:35:02,21,6,76,Normal,2,PERFECT,0
1375,2021-04-30 06:35:02,22,6,66,Normal,2,PERFECT,0
1376,2021-04-30 06:35:02,25,6,0,Normal,2,DEAD,3
1377,2021-04-30 06:35:02,26,6,86,Normal,2,PERFECT,0
1378,2021-04-30 06:35:02,27,6,53,Normal,2,GOOD,1
1379,2021-04-30 06:35:02,30,6,67,Normal,2,PERFECT,0
1380,2021-04-30 06:35:02,31,6,41,Normal,2,GOOD,1
1381,2021-04-30 06:35:02,33,6,57,Normal,2,GOOD,1
1382,2021-04-30 06:35:02,35,6,47,Normal,2,GOOD,1
1383,2021-04-30 06:35:02,41,6,81,Normal,2,PERFECT,0
1384,2021-04-30 06:35:02,42,6,77,Normal,2,PERFECT,0
1385,2021-04-30 06:35:02,43,6,81,Normal,2,PERFECT,0
1386,2021-04-30 06:35:02,44,6,0,Normal,2,DEAD,3
1387,2021-04-30 06:35:02,45,6,78,Normal,2,PERFECT,0
1388,2021-04-30 06:35:02,48,6,78,Normal,2,PERFECT,0
1389,2021-04-30 06:35:02,50,6,41,Normal,2,GOOD,1
1390,2021-04-30 06:35:02,52,6,63,Normal,2,PERFECT,0
1391,2021-04-30 06:35:02,53,6,46,Normal,2,GOOD,1
1392,2021-04-30 06:35:02,55,6,52,Laying on the ground,5,GOOD,1
1393,2021-04-30 06:35:02,56,6,66,Normal,2,PERFECT,0
1394,2021-04-30 06:35:02,59,6,37,Normal,2,GOOD,1
1395,2021-04-30 06:35:02,60,6,28,Normal,2,GOOD,1
1396,2021-04-30 06:35:02,61,6,32,Normal,2,GOOD,1
1397,2021-04-30 06:35:02,63,6,36,Normal,2,GOOD,1
1398,2021-04-30 06:35:02,66,6,62,Normal,2,PERFECT,0
1399,2021-04-30 06:35:02,69,6,47,Normal,2,GOOD,1
1400,2021-04-30 06:35:02,71,6,35,Normal,2,GOOD,1
1401,2021-04-30 06:35:02,73,6,53,Normal,2,GOOD,1
1402,2021-04-30 06:35:02,74,6,75,Normal,2,PERFECT,0
1403,2021-04-30 06:35:02,75,6,66,Normal,2,PERFECT,0
1404,2021-04-30 06:35:02,76,6,76,Normal,2,PERFECT,0
1405,2021-04-30 06:35:02,80,6,73,Normal,2,PERFECT,0
1406,2021-04-30 06:35:02,82,6,76,Normal,2,PERFECT,0
1407,2021-04-30 06:35:02,83,6,47,Normal,2,GOOD,1
1408,2021-04-30 06:35:02,85,6,67,Normal,2,PERFECT,0
1409,2021-04-30 06:35:02,86,6,85,Normal,2,PERFECT,0
1410,2021-04-30 06:35:02,87,6,42,Normal,2,GOOD,1
1411,2021-04-30 06:35:02,90,6,45,Normal,2,GOOD,1
1412,2021-04-30 06:35:02,92,6,78,Normal,2,PERFECT,0
1413,2021-04-30 06:35:02,93,6,93,Normal,2,PERFECT,0
1414,2021-04-30 06:35:02,94,6,64,Normal,2,PERFECT,0
1415,2021-04-30 06:35:02,95,6,44,Normal,2,GOOD,1
1416,2021-04-30 06:35:02,96,6,68,Normal,2,PERFECT,0
1417,2021-04-30 06:35:02,99,6,46,Normal,2,GOOD,1
1418,2021-04-30 06:35:02,102,6,87,Normal,2,PERFECT,0
1419,2021-04-30 06:35:02,103,6,65,Normal,2,PERFECT,0
1420,2021-04-30 06:35:02,104,6,78,Normal,2,PERFECT,0
1421,2021-04-30 06:35:02,106,6,78,Normal,2,PERFECT,0
1422,2021-04-30 06:35:02,111,6,67,Normal,2,PERFECT,0
1423,2021-04-30 06:35:02,114,6,78,Normal,2,PERFECT,0
1424,2021-04-30 06:35:02,116,6,42,Normal,2,GOOD,1
1425,2021-04-30 06:35:02,117,6,41,Normal,2,GOOD,1
1426,2021-04-30 06:35:02,120,6,46,Normal,2,GOOD,1
1427,2021-04-30 06:35:02,124,6,76,Laying on the ground,5,PERFECT,0
1428,2021-04-30 06:40:02,5,6,68,Normal,2,PERFECT,0
1429,2021-04-30 06:40:02,6,6,54,Normal,2,GOOD,1
1430,2021-04-30 06:40:02,7,6,65,Normal,2,PERFECT,0
1431,2021-04-30 06:40:02,8,6,66,Normal,2,PERFECT,0
1432,2021-04-30 06:40:02,9,6,74,Normal,2,PERFECT,0
1433,2021-04-30 06:40:02,10,6,71,Normal,2,PERFECT,0
1434,2021-04-30 06:40:02,12,6,62,Normal,2,PERFECT,0
1435,2021-04-30 06:40:02,13,6,77,Normal,2,PERFECT,0
1436,2021-04-30 06:40:02,14,6,45,Normal,2,GOOD,1
1437,2021-04-30 06:40:02,16,6,0,Normal,2,DEAD,3
1438,2021-04-30 06:40:02,17,6,48,Normal,2,GOOD,1
1439,2021-04-30 06:40:02,18,6,45,Normal,2,GOOD,1
1440,2021-04-30 06:40:02,19,6,80,Normal,2,PERFECT,0
1441,2021-04-30 06:40:02,20,6,75,Normal,2,PERFECT,0
1442,2021-04-30 06:40:02,21,6,76,Normal,2,PERFECT,0
1443,2021-04-30 06:40:02,22,6,66,Normal,2,PERFECT,0
1444,2021-04-30 06:40:02,25,6,0,Normal,2,DEAD,3
1445,2021-04-30 06:40:02,26,6,86,Normal,2,PERFECT,0
1446,2021-04-30 06:40:02,27,6,53,Normal,2,GOOD,1
1447,2021-04-30 06:40:02,30,6,67,Normal,2,PERFECT,0
1448,2021-04-30 06:40:02,31,6,41,Normal,2,GOOD,1
1449,2021-04-30 06:40:02,33,6,57,Normal,2,GOOD,1
1450,2021-04-30 06:40:02,35,6,47,Normal,2,GOOD,1
1451,2021-04-30 06:40:02,41,6,81,Normal,2,PERFECT,0
1452,2021-04-30 06:40:02,42,6,77,Normal,2,PERFECT,0
1453,2021-04-30 06:40:02,43,6,81,Normal,2,PERFECT,0
1454,2021-04-30 06:40:02,44,6,0,Normal,2,DEAD,3
1455,2021-04-30 06:40:02,45,6,78,Normal,2,PERFECT,0
1456,2021-04-30 06:40:02,48,6,78,Normal,2,PERFECT,0
1457,2021-04-30 06:40:02,50,6,41,Normal,2,GOOD,1
1458,2021-04-30 06:40:02,52,6,63,Normal,2,PERFECT,0
1459,2021-04-30 06:40:02,53,6,46,Normal,2,GOOD,1
1460,2021-04-30 06:40:02,55,6,52,Laying on the ground,5,GOOD,1
1461,2021-04-30 06:40:02,56,6,66,Normal,2,PERFECT,0
1462,2021-04-30 06:40:02,59,6,37,Normal,2,GOOD,1
1463,2021-04-30 06:40:02,60,6,28,Normal,2,GOOD,1
1464,2021-04-30 06:40:02,61,6,32,Normal,2,GOOD,1
1465,2021-04-30 06:40:02,63,6,36,Normal,2,GOOD,1
1466,2021-04-30 06:40:02,66,6,62,Normal,2,PERFECT,0
1467,2021-04-30 06:40:02,69,6,47,Normal,2,GOOD,1
1468,2021-04-30 06:40:02,71,6,35,Normal,2,GOOD,1
1469,2021-04-30 06:40:02,73,6,53,Normal,2,GOOD,1
1470,2021-04-30 06:40:02,74,6,75,Normal,2,PERFECT,0
1471,2021-04-30 06:40:02,75,6,66,Normal,2,PERFECT,0
1472,2021-04-30 06:40:02,76,6,76,Normal,2,PERFECT,0
1473,2021-04-30 06:40:02,80,6,73,Normal,2,PERFECT,0
1474,2021-04-30 06:40:02,82,6,76,Normal,2,PERFECT,0
1475,2021-04-30 06:40:02,83,6,47,Normal,2,GOOD,1
1476,2021-04-30 06:40:02,85,6,67,Normal,2,PERFECT,0
1477,2021-04-30 06:40:02,86,6,85,Normal,2,PERFECT,0
1478,2021-04-30 06:40:02,87,6,42,Normal,2,GOOD,1
1479,2021-04-30 06:40:02,90,6,45,Normal,2,GOOD,1
1480,2021-04-30 06:40:02,92,6,78,Normal,2,PERFECT,0
1481,2021-04-30 06:40:02,93,6,93,Normal,2,PERFECT,0
1482,2021-04-30 06:40:02,94,6,64,Normal,2,PERFECT,0
1483,2021-04-30 06:40:02,95,6,44,Normal,2,GOOD,1
1484,2021-04-30 06:40:02,96,6,68,Normal,2,PERFECT,0
1485,2021-04-30 06:40:02,99,6,46,Normal,2,GOOD,1
1486,2021-04-30 06:40:02,102,6,87,Normal,2,PERFECT,0
1487,2021-04-30 06:40:02,103,6,65,Normal,2,PERFECT,0
1488,2021-04-30 06:40:02,104,6,78,Normal,2,PERFECT,0
1489,2021-04-30 06:40:02,106,6,78,Normal,2,PERFECT,0
1490,2021-04-30 06:40:02,111,6,67,Normal,2,PERFECT,0
1491,2021-04-30 06:40:02,114,6,78,Normal,2,PERFECT,0
1492,2021-04-30 06:40:02,116,6,42,Normal,2,GOOD,1
1493,2021-04-30 06:40:02,117,6,41,Normal,2,GOOD,1
1494,2021-04-30 06:40:02,120,6,46,Normal,2,GOOD,1
1495,2021-04-30 06:40:02,124,6,76,Laying on the ground,5,PERFECT,0
1496,2021-04-30 06:45:01,5,6,68,Normal,2,PERFECT,0
1497,2021-04-30 06:45:01,6,6,52,Normal,2,GOOD,1
1498,2021-04-30 06:45:01,7,6,65,Normal,2,PERFECT,0
1499,2021-04-30 06:45:01,8,6,66,Normal,2,PERFECT,0
1500,2021-04-30 06:45:01,9,6,74,Normal,2,PERFECT,0
1501,2021-04-30 06:45:01,10,6,71,Normal,2,PERFECT,0
1502,2021-04-30 06:45:01,12,6,62,Normal,2,PERFECT,0
1503,2021-04-30 06:45:01,13,6,77,Normal,2,PERFECT,0
1504,2021-04-30 06:45:01,14,6,45,Normal,2,GOOD,1
1505,2021-04-30 06:45:01,16,6,0,Normal,2,DEAD,3
1506,2021-04-30 06:45:01,17,6,48,Normal,2,GOOD,1
1507,2021-04-30 06:45:01,18,6,45,Normal,2,GOOD,1
1508,2021-04-30 06:45:01,19,6,80,Normal,2,PERFECT,0
1509,2021-04-30 06:45:01,20,6,75,Normal,2,PERFECT,0
1510,2021-04-30 06:45:01,21,6,76,Normal,2,PERFECT,0
1511,2021-04-30 06:45:01,22,6,66,Normal,2,PERFECT,0
1512,2021-04-30 06:45:01,25,6,0,Normal,2,DEAD,3
1513,2021-04-30 06:45:01,26,6,86,Normal,2,PERFECT,0
1514,2021-04-30 06:45:01,27,6,53,Normal,2,GOOD,1
1515,2021-04-30 06:45:01,30,6,67,Normal,2,PERFECT,0
1516,2021-04-30 06:45:01,31,6,41,Normal,2,GOOD,1
1517,2021-04-30 06:45:01,33,6,57,Normal,2,GOOD,1
1518,2021-04-30 06:45:01,35,6,47,Normal,2,GOOD,1
1519,2021-04-30 06:45:01,41,6,81,Normal,2,PERFECT,0
1520,2021-04-30 06:45:01,42,6,77,Normal,2,PERFECT,0
1521,2021-04-30 06:45:01,43,6,81,Normal,2,PERFECT,0
1522,2021-04-30 06:45:01,44,6,0,Normal,2,DEAD,3
1523,2021-04-30 06:45:01,45,6,78,Normal,2,PERFECT,0
1524,2021-04-30 06:45:01,48,6,78,Normal,2,PERFECT,0
1525,2021-04-30 06:45:01,50,6,41,Normal,2,GOOD,1
1526,2021-04-30 06:45:01,52,6,63,Normal,2,PERFECT,0
1527,2021-04-30 06:45:01,53,6,46,Normal,2,GOOD,1
1528,2021-04-30 06:45:01,55,6,52,Laying on the ground,5,GOOD,1
1529,2021-04-30 06:45:01,56,6,66,Normal,2,PERFECT,0
1530,2021-04-30 06:45:01,59,6,37,Normal,2,GOOD,1
1531,2021-04-30 06:45:01,60,6,28,Normal,2,GOOD,1
1532,2021-04-30 06:45:01,61,6,32,Normal,2,GOOD,1
1533,2021-04-30 06:45:01,63,6,36,Normal,2,GOOD,1
1534,2021-04-30 06:45:01,66,6,62,Normal,2,PERFECT,0
1535,2021-04-30 06:45:01,69,6,47,Normal,2,GOOD,1
1536,2021-04-30 06:45:01,71,6,35,Normal,2,GOOD,1
1537,2021-04-30 06:45:01,73,6,53,Normal,2,GOOD,1
1538,2021-04-30 06:45:01,74,6,75,Normal,2,PERFECT,0
1539,2021-04-30 06:45:01,75,6,66,Normal,2,PERFECT,0
1540,2021-04-30 06:45:01,76,6,76,Normal,2,PERFECT,0
1541,2021-04-30 06:45:01,80,6,73,Normal,2,PERFECT,0
1542,2021-04-30 06:45:01,82,6,76,Normal,2,PERFECT,0
1543,2021-04-30 06:45:01,83,6,47,Normal,2,GOOD,1
1544,2021-04-30 06:45:01,85,6,67,Normal,2,PERFECT,0
1545,2021-04-30 06:45:01,86,6,85,Normal,2,PERFECT,0
1546,2021-04-30 06:45:01,87,6,42,Normal,2,GOOD,1
1547,2021-04-30 06:45:01,90,6,45,Normal,2,GOOD,1
1548,2021-04-30 06:45:01,92,6,78,Normal,2,PERFECT,0
1549,2021-04-30 06:45:01,93,6,93,Normal,2,PERFECT,0
1550,2021-04-30 06:45:01,94,6,64,Normal,2,PERFECT,0
1551,2021-04-30 06:45:01,95,6,44,Normal,2,GOOD,1
1552,2021-04-30 06:45:01,96,6,68,Normal,2,PERFECT,0
1553,2021-04-30 06:45:01,99,6,46,Normal,2,GOOD,1
1554,2021-04-30 06:45:01,102,6,87,Normal,2,PERFECT,0
1555,2021-04-30 06:45:01,103,6,65,Normal,2,PERFECT,0
1556,2021-04-30 06:45:01,104,6,78,Normal,2,PERFECT,0
1557,2021-04-30 06:45:01,106,6,78,Normal,2,PERFECT,0
1558,2021-04-30 06:45:01,111,6,67,Normal,2,PERFECT,0
1559,2021-04-30 06:45:01,114,6,78,Normal,2,PERFECT,0
1560,2021-04-30 06:45:01,116,6,42,Normal,2,GOOD,1
1561,2021-04-30 06:45:01,117,6,41,Normal,2,GOOD,1
1562,2021-04-30 06:45:01,120,6,46,Normal,2,GOOD,1
1563,2021-04-30 06:45:01,124,6,76,Laying on the ground,5,PERFECT,0
1564,2021-04-30 06:50:02,5,6,68,Normal,2,PERFECT,0
1565,2021-04-30 06:50:02,6,6,52,Normal,2,GOOD,1
1566,2021-04-30 06:50:02,7,6,65,Normal,2,PERFECT,0
1567,2021-04-30 06:50:02,8,6,66,Normal,2,PERFECT,0
1568,2021-04-30 06:50:02,9,6,74,Normal,2,PERFECT,0
1569,2021-04-30 06:50:02,10,6,71,Normal,2,PERFECT,0
1570,2021-04-30 06:50:02,12,6,62,Normal,2,PERFECT,0
1571,2021-04-30 06:50:02,13,6,77,Normal,2,PERFECT,0
1572,2021-04-30 06:50:02,14,6,45,Normal,2,GOOD,1
1573,2021-04-30 06:50:02,16,6,0,Normal,2,DEAD,3
1574,2021-04-30 06:50:02,17,6,48,Normal,2,GOOD,1
1575,2021-04-30 06:50:02,18,6,45,Normal,2,GOOD,1
1576,2021-04-30 06:50:02,19,6,80,Normal,2,PERFECT,0
1577,2021-04-30 06:50:02,20,6,75,Normal,2,PERFECT,0
1578,2021-04-30 06:50:02,21,6,76,Normal,2,PERFECT,0
1579,2021-04-30 06:50:02,22,6,66,Normal,2,PERFECT,0
1580,2021-04-30 06:50:02,25,6,0,Normal,2,DEAD,3
1581,2021-04-30 06:50:02,26,6,86,Normal,2,PERFECT,0
1582,2021-04-30 06:50:02,27,6,53,Normal,2,GOOD,1
1583,2021-04-30 06:50:02,30,6,67,Normal,2,PERFECT,0
1584,2021-04-30 06:50:02,31,6,41,Normal,2,GOOD,1
1585,2021-04-30 06:50:02,33,6,57,Normal,2,GOOD,1
1586,2021-04-30 06:50:02,35,6,47,Normal,2,GOOD,1
1587,2021-04-30 06:50:02,41,6,81,Normal,2,PERFECT,0
1588,2021-04-30 06:50:02,42,6,77,Normal,2,PERFECT,0
1589,2021-04-30 06:50:02,43,6,81,Normal,2,PERFECT,0
1590,2021-04-30 06:50:02,44,6,0,Normal,2,DEAD,3
1591,2021-04-30 06:50:02,45,6,78,Normal,2,PERFECT,0
1592,2021-04-30 06:50:02,48,6,78,Normal,2,PERFECT,0
1593,2021-04-30 06:50:02,50,6,41,Normal,2,GOOD,1
1594,2021-04-30 06:50:02,52,6,63,Normal,2,PERFECT,0
1595,2021-04-30 06:50:02,53,6,46,Normal,2,GOOD,1
1596,2021-04-30 06:50:02,55,6,52,Laying on the ground,5,GOOD,1
1597,2021-04-30 06:50:02,56,6,66,Normal,2,PERFECT,0
1598,2021-04-30 06:50:02,59,6,37,Normal,2,GOOD,1
1599,2021-04-30 06:50:02,60,6,28,Normal,2,GOOD,1
1600,2021-04-30 06:50:02,61,6,32,Normal,2,GOOD,1
1601,2021-04-30 06:50:02,63,6,36,Normal,2,GOOD,1
1602,2021-04-30 06:50:02,66,6,62,Normal,2,PERFECT,0
1603,2021-04-30 06:50:02,69,6,47,Normal,2,GOOD,1
1604,2021-04-30 06:50:02,71,6,35,Normal,2,GOOD,1
1605,2021-04-30 06:50:02,73,6,53,Normal,2,GOOD,1
1606,2021-04-30 06:50:02,74,6,75,Normal,2,PERFECT,0
1607,2021-04-30 06:50:02,75,6,66,Normal,2,PERFECT,0
1608,2021-04-30 06:50:02,76,6,76,Normal,2,PERFECT,0
1609,2021-04-30 06:50:02,80,6,73,Normal,2,PERFECT,0
1610,2021-04-30 06:50:02,82,6,76,Normal,2,PERFECT,0
1611,2021-04-30 06:50:02,83,6,47,Normal,2,GOOD,1
1612,2021-04-30 06:50:02,85,6,67,Normal,2,PERFECT,0
1613,2021-04-30 06:50:02,86,6,85,Normal,2,PERFECT,0
1614,2021-04-30 06:50:02,87,6,42,Normal,2,GOOD,1
1615,2021-04-30 06:50:02,90,6,45,Normal,2,GOOD,1
1616,2021-04-30 06:50:02,92,6,78,Normal,2,PERFECT,0
1617,2021-04-30 06:50:02,93,6,93,Normal,2,PERFECT,0
1618,2021-04-30 06:50:02,94,6,64,Normal,2,PERFECT,0
1619,2021-04-30 06:50:02,95,6,44,Normal,2,GOOD,1
1620,2021-04-30 06:50:02,96,6,68,Normal,2,PERFECT,0
1621,2021-04-30 06:50:02,99,6,46,Normal,2,GOOD,1
1622,2021-04-30 06:50:02,102,6,87,Normal,2,PERFECT,0
1623,2021-04-30 06:50:02,103,6,63,Normal,2,PERFECT,0
1624,2021-04-30 06:50:02,104,6,78,Normal,2,PERFECT,0
1625,2021-04-30 06:50:02,106,6,78,Normal,2,PERFECT,0
1626,2021-04-30 06:50:02,111,6,67,Normal,2,PERFECT,0
1627,2021-04-30 06:50:02,114,6,78,Normal,2,PERFECT,0
1628,2021-04-30 06:50:02,116,6,42,Normal,2,GOOD,1
1629,2021-04-30 06:50:02,117,6,41,Normal,2,GOOD,1
1630,2021-04-30 06:50:02,120,6,46,Normal,2,GOOD,1
1631,2021-04-30 06:50:02,124,6,76,Laying on the ground,5,PERFECT,0
1632,2021-04-30 06:55:02,5,6,68,Normal,2,PERFECT,0
1633,2021-04-30 06:55:02,6,6,52,Normal,2,GOOD,1
1634,2021-04-30 06:55:02,7,6,65,Normal,2,PERFECT,0
1635,2021-04-30 06:55:02,8,6,66,Normal,2,PERFECT,0
1636,2021-04-30 06:55:02,9,6,74,Normal,2,PERFECT,0
1637,2021-04-30 06:55:02,10,6,71,Normal,2,PERFECT,0
1638,2021-04-30 06:55:02,12,6,62,Normal,2,PERFECT,0
1639,2021-04-30 06:55:02,13,6,75,Normal,2,PERFECT,0
1640,2021-04-30 06:55:02,14,6,45,Normal,2,GOOD,1
1641,2021-04-30 06:55:02,16,6,0,Normal,2,DEAD,3
1642,2021-04-30 06:55:02,17,6,48,Normal,2,GOOD,1
1643,2021-04-30 06:55:02,18,6,45,Normal,2,GOOD,1
1644,2021-04-30 06:55:02,19,6,80,Normal,2,PERFECT,0
1645,2021-04-30 06:55:02,20,6,75,Normal,2,PERFECT,0
1646,2021-04-30 06:55:02,21,6,76,Normal,2,PERFECT,0
1647,2021-04-30 06:55:02,22,6,66,Normal,2,PERFECT,0
1648,2021-04-30 06:55:02,25,6,0,Normal,2,DEAD,3
1649,2021-04-30 06:55:02,26,6,86,Normal,2,PERFECT,0
1650,2021-04-30 06:55:02,27,6,53,Normal,2,GOOD,1
1651,2021-04-30 06:55:02,30,6,66,Normal,2,PERFECT,0
1652,2021-04-30 06:55:02,31,6,41,Normal,2,GOOD,1
1653,2021-04-30 06:55:02,33,6,57,Normal,2,GOOD,1
1654,2021-04-30 06:55:02,35,6,47,Normal,2,GOOD,1
1655,2021-04-30 06:55:02,41,6,81,Normal,2,PERFECT,0
1656,2021-04-30 06:55:02,42,6,77,Normal,2,PERFECT,0
1657,2021-04-30 06:55:02,43,6,81,Normal,2,PERFECT,0
1658,2021-04-30 06:55:02,44,6,0,Normal,2,DEAD,3
1659,2021-04-30 06:55:02,45,6,78,Normal,2,PERFECT,0
1660,2021-04-30 06:55:02,48,6,78,Normal,2,PERFECT,0
1661,2021-04-30 06:55:02,50,6,41,Normal,2,GOOD,1
1662,2021-04-30 06:55:02,52,6,63,Normal,2,PERFECT,0
1663,2021-04-30 06:55:02,53,6,46,Normal,2,GOOD,1
1664,2021-04-30 06:55:02,55,6,52,Laying on the ground,5,GOOD,1
1665,2021-04-30 06:55:02,56,6,66,Normal,2,PERFECT,0
1666,2021-04-30 06:55:02,59,6,37,Normal,2,GOOD,1
1667,2021-04-30 06:55:02,60,6,28,Normal,2,GOOD,1
1668,2021-04-30 06:55:02,61,6,32,Normal,2,GOOD,1
1669,2021-04-30 06:55:02,63,6,36,Normal,2,GOOD,1
1670,2021-04-30 06:55:02,66,6,62,Normal,2,PERFECT,0
1671,2021-04-30 06:55:02,69,6,47,Normal,2,GOOD,1
1672,2021-04-30 06:55:02,71,6,35,Normal,2,GOOD,1
1673,2021-04-30 06:55:02,73,6,53,Normal,2,GOOD,1
1674,2021-04-30 06:55:02,74,6,75,Normal,2,PERFECT,0
1675,2021-04-30 06:55:02,75,6,66,Normal,2,PERFECT,0
1676,2021-04-30 06:55:02,76,6,76,Normal,2,PERFECT,0
1677,2021-04-30 06:55:02,80,6,73,Normal,2,PERFECT,0
1678,2021-04-30 06:55:02,82,6,76,Normal,2,PERFECT,0
1679,2021-04-30 06:55:02,83,6,47,Normal,2,GOOD,1
1680,2021-04-30 06:55:02,85,6,67,Normal,2,PERFECT,0
1681,2021-04-30 06:55:02,86,6,85,Normal,2,PERFECT,0
1682,2021-04-30 06:55:02,87,6,42,Normal,2,GOOD,1
1683,2021-04-30 06:55:02,90,6,45,Normal,2,GOOD,1
1684,2021-04-30 06:55:02,92,6,78,Normal,2,PERFECT,0
1685,2021-04-30 06:55:02,93,6,93,Normal,2,PERFECT,0
1686,2021-04-30 06:55:02,94,6,64,Normal,2,PERFECT,0
1687,2021-04-30 06:55:02,95,6,44,Normal,2,GOOD,1
1688,2021-04-30 06:55:02,96,6,68,Normal,2,PERFECT,0
1689,2021-04-30 06:55:02,99,6,46,Normal,2,GOOD,1
1690,2021-04-30 06:55:02,102,6,87,Normal,2,PERFECT,0
1691,2021-04-30 06:55:02,103,6,63,Normal,2,PERFECT,0
1692,2021-04-30 06:55:02,104,6,78,Normal,2,PERFECT,0
1693,2021-04-30 06:55:02,106,6,78,Normal,2,PERFECT,0
1694,2021-04-30 06:55:02,111,6,67,Normal,2,PERFECT,0
1695,2021-04-30 06:55:02,114,6,78,Normal,2,PERFECT,0
1696,2021-04-30 06:55:02,116,6,42,Normal,2,GOOD,1
1697,2021-04-30 06:55:02,117,6,41,Normal,2,GOOD,1
1698,2021-04-30 06:55:02,120,6,46,Normal,2,GOOD,1
1699,2021-04-30 06:55:02,124,6,76,Laying on the ground,5,PERFECT,0
1700,2021-04-30 07:00:02,5,7,68,Normal,2,PERFECT,0
1701,2021-04-30 07:00:02,6,7,52,Normal,2,GOOD,1
1702,2021-04-30 07:00:02,7,7,65,Normal,2,PERFECT,0
1703,2021-04-30 07:00:02,8,7,66,Normal,2,PERFECT,0
1704,2021-04-30 07:00:02,9,7,74,Normal,2,PERFECT,0
1705,2021-04-30 07:00:02,10,7,71,Normal,2,PERFECT,0
1706,2021-04-30 07:00:02,12,7,62,Normal,2,PERFECT,0
1707,2021-04-30 07:00:02,13,7,75,Normal,2,PERFECT,0
1708,2021-04-30 07:00:02,14,7,45,Normal,2,GOOD,1
1709,2021-04-30 07:00:02,16,7,0,Normal,2,DEAD,3
1710,2021-04-30 07:00:02,17,7,48,Normal,2,GOOD,1
1711,2021-04-30 07:00:02,18,7,45,Normal,2,GOOD,1
1712,2021-04-30 07:00:02,19,7,80,Normal,2,PERFECT,0
1713,2021-04-30 07:00:02,20,7,75,Normal,2,PERFECT,0
1714,2021-04-30 07:00:02,21,7,76,Normal,2,PERFECT,0
1715,2021-04-30 07:00:02,22,7,66,Normal,2,PERFECT,0
1716,2021-04-30 07:00:02,25,7,0,Normal,2,DEAD,3
1717,2021-04-30 07:00:02,26,7,86,Normal,2,PERFECT,0
1718,2021-04-30 07:00:02,27,7,53,Normal,2,GOOD,1
1719,2021-04-30 07:00:02,30,7,66,Normal,2,PERFECT,0
1720,2021-04-30 07:00:02,31,7,41,Normal,2,GOOD,1
1721,2021-04-30 07:00:02,33,7,57,Normal,2,GOOD,1
1722,2021-04-30 07:00:02,35,7,47,Normal,2,GOOD,1
1723,2021-04-30 07:00:02,41,7,81,Normal,2,PERFECT,0
1724,2021-04-30 07:00:02,42,7,77,Normal,2,PERFECT,0
1725,2021-04-30 07:00:02,43,7,81,Normal,2,PERFECT,0
1726,2021-04-30 07:00:02,44,7,0,Normal,2,DEAD,3
1727,2021-04-30 07:00:02,45,7,78,Normal,2,PERFECT,0
1728,2021-04-30 07:00:02,48,7,78,Normal,2,PERFECT,0
1729,2021-04-30 07:00:02,50,7,41,Normal,2,GOOD,1
1730,2021-04-30 07:00:02,52,7,63,Normal,2,PERFECT,0
1731,2021-04-30 07:00:02,53,7,46,Normal,2,GOOD,1
1732,2021-04-30 07:00:02,55,7,52,Laying on the ground,5,GOOD,1
1733,2021-04-30 07:00:02,56,7,66,Normal,2,PERFECT,0
1734,2021-04-30 07:00:02,59,7,37,Normal,2,GOOD,1
1735,2021-04-30 07:00:02,60,7,28,Normal,2,GOOD,1
1736,2021-04-30 07:00:02,61,7,32,Normal,2,GOOD,1
1737,2021-04-30 07:00:02,63,7,36,Normal,2,GOOD,1
1738,2021-04-30 07:00:02,66,7,62,Normal,2,PERFECT,0
1739,2021-04-30 07:00:02,69,7,47,Normal,2,GOOD,1
1740,2021-04-30 07:00:02,71,7,35,Normal,2,GOOD,1
1741,2021-04-30 07:00:02,73,7,53,Normal,2,GOOD,1
1742,2021-04-30 07:00:02,74,7,75,Normal,2,PERFECT,0
1743,2021-04-30 07:00:02,75,7,66,Normal,2,PERFECT,0
1744,2021-04-30 07:00:02,76,7,76,Normal,2,PERFECT,0
1745,2021-04-30 07:00:02,80,7,73,Normal,2,PERFECT,0
1746,2021-04-30 07:00:02,82,7,76,Normal,2,PERFECT,0
1747,2021-04-30 07:00:02,83,7,47,Normal,2,GOOD,1
1748,2021-04-30 07:00:02,85,7,67,Normal,2,PERFECT,0
1749,2021-04-30 07:00:02,86,7,85,Normal,2,PERFECT,0
1750,2021-04-30 07:00:02,87,7,42,Normal,2,GOOD,1
1751,2021-04-30 07:00:02,90,7,45,Normal,2,GOOD,1
1752,2021-04-30 07:00:02,92,7,78,Normal,2,PERFECT,0
1753,2021-04-30 07:00:02,93,7,93,Normal,2,PERFECT,0
1754,2021-04-30 07:00:02,94,7,64,Normal,2,PERFECT,0
1755,2021-04-30 07:00:02,95,7,44,Normal,2,GOOD,1
1756,2021-04-30 07:00:02,96,7,68,Normal,2,PERFECT,0
1757,2021-04-30 07:00:02,99,7,46,Normal,2,GOOD,1
1758,2021-04-30 07:00:02,102,7,87,Normal,2,PERFECT,0
1759,2021-04-30 07:00:02,103,7,63,Normal,2,PERFECT,0
1760,2021-04-30 07:00:02,104,7,78,Normal,2,PERFECT,0
1761,2021-04-30 07:00:02,106,7,78,Normal,2,PERFECT,0
1762,2021-04-30 07:00:02,111,7,67,Normal,2,PERFECT,0
1763,2021-04-30 07:00:02,114,7,78,Normal,2,PERFECT,0
1764,2021-04-30 07:00:02,116,7,42,Normal,2,GOOD,1
1765,2021-04-30 07:00:02,117,7,41,Normal,2,GOOD,1
1766,2021-04-30 07:00:02,120,7,46,Normal,2,GOOD,1
1767,2021-04-30 07:00:02,124,7,76,Laying on the ground,5,PERFECT,0
1768,2021-04-30 07:05:01,5,7,68,Normal,2,PERFECT,0
1769,2021-04-30 07:05:01,6,7,52,Normal,2,GOOD,1
1770,2021-04-30 07:05:01,7,7,65,Normal,2,PERFECT,0
1771,2021-04-30 07:05:01,8,7,66,Normal,2,PERFECT,0
1772,2021-04-30 07:05:01,9,7,74,Normal,2,PERFECT,0
1773,2021-04-30 07:05:01,10,7,71,Normal,2,PERFECT,0
1774,2021-04-30 07:05:01,12,7,62,Normal,2,PERFECT,0
1775,2021-04-30 07:05:01,13,7,75,Normal,2,PERFECT,0
1776,2021-04-30 07:05:01,14,7,45,Normal,2,GOOD,1
1777,2021-04-30 07:05:01,16,7,0,Normal,2,DEAD,3
1778,2021-04-30 07:05:01,17,7,48,Normal,2,GOOD,1
1779,2021-04-30 07:05:01,18,7,45,Normal,2,GOOD,1
1780,2021-04-30 07:05:01,19,7,80,Normal,2,PERFECT,0
1781,2021-04-30 07:05:01,20,7,75,Normal,2,PERFECT,0
1782,2021-04-30 07:05:01,21,7,76,Normal,2,PERFECT,0
1783,2021-04-30 07:05:01,22,7,66,Normal,2,PERFECT,0
1784,2021-04-30 07:05:01,25,7,0,Normal,2,DEAD,3
1785,2021-04-30 07:05:01,26,7,86,Normal,2,PERFECT,0
1786,2021-04-30 07:05:01,27,7,53,Normal,2,GOOD,1
1787,2021-04-30 07:05:01,30,7,66,Normal,2,PERFECT,0
1788,2021-04-30 07:05:01,31,7,41,Normal,2,GOOD,1
1789,2021-04-30 07:05:01,33,7,57,Normal,2,GOOD,1
1790,2021-04-30 07:05:01,35,7,47,Normal,2,GOOD,1
1791,2021-04-30 07:05:01,41,7,81,Normal,2,PERFECT,0
1792,2021-04-30 07:05:01,42,7,77,Normal,2,PERFECT,0
1793,2021-04-30 07:05:01,43,7,81,Normal,2,PERFECT,0
1794,2021-04-30 07:05:01,44,7,0,Normal,2,DEAD,3
1795,2021-04-30 07:05:01,45,7,78,Normal,2,PERFECT,0
1796,2021-04-30 07:05:01,48,7,78,Normal,2,PERFECT,0
1797,2021-04-30 07:05:01,50,7,41,Normal,2,GOOD,1
1798,2021-04-30 07:05:01,52,7,63,Normal,2,PERFECT,0
1799,2021-04-30 07:05:01,53,7,46,Normal,2,GOOD,1
1800,2021-04-30 07:05:01,55,7,52,Laying on the ground,5,GOOD,1
1801,2021-04-30 07:05:01,56,7,66,Normal,2,PERFECT,0
1802,2021-04-30 07:05:01,59,7,37,Normal,2,GOOD,1
1803,2021-04-30 07:05:01,60,7,28,Normal,2,GOOD,1
1804,2021-04-30 07:05:01,61,7,32,Normal,2,GOOD,1
1805,2021-04-30 07:05:01,63,7,36,Normal,2,GOOD,1
1806,2021-04-30 07:05:01,66,7,62,Normal,2,PERFECT,0
1807,2021-04-30 07:05:01,69,7,47,Normal,2,GOOD,1
1808,2021-04-30 07:05:01,71,7,35,Normal,2,GOOD,1
1809,2021-04-30 07:05:01,73,7,53,Normal,2,GOOD,1
1810,2021-04-30 07:05:01,74,7,75,Normal,2,PERFECT,0
1811,2021-04-30 07:05:01,75,7,66,Normal,2,PERFECT,0
1812,2021-04-30 07:05:01,76,7,76,Normal,2,PERFECT,0
1813,2021-04-30 07:05:01,80,7,73,Normal,2,PERFECT,0
1814,2021-04-30 07:05:01,82,7,76,Normal,2,PERFECT,0
1815,2021-04-30 07:05:01,83,7,47,Normal,2,GOOD,1
1816,2021-04-30 07:05:01,85,7,67,Normal,2,PERFECT,0
1817,2021-04-30 07:05:01,86,7,85,Normal,2,PERFECT,0
1818,2021-04-30 07:05:01,87,7,42,Normal,2,GOOD,1
1819,2021-04-30 07:05:01,90,7,45,Normal,2,GOOD,1
1820,2021-04-30 07:05:01,92,7,78,Normal,2,PERFECT,0
1821,2021-04-30 07:05:01,93,7,93,Normal,2,PERFECT,0
1822,2021-04-30 07:05:01,94,7,64,Normal,2,PERFECT,0
1823,2021-04-30 07:05:01,95,7,44,Normal,2,GOOD,1
1824,2021-04-30 07:05:01,96,7,68,Normal,2,PERFECT,0
1825,2021-04-30 07:05:01,99,7,46,Normal,2,GOOD,1
1826,2021-04-30 07:05:01,102,7,87,Normal,2,PERFECT,0
1827,2021-04-30 07:05:01,103,7,63,Normal,2,PERFECT,0
1828,2021-04-30 07:05:01,104,7,78,Normal,2,PERFECT,0
1829,2021-04-30 07:05:01,106,7,78,Normal,2,PERFECT,0
1830,2021-04-30 07:05:01,111,7,67,Normal,2,PERFECT,0
1831,2021-04-30 07:05:01,114,7,78,Normal,2,PERFECT,0
1832,2021-04-30 07:05:01,116,7,42,Normal,2,GOOD,1
1833,2021-04-30 07:05:01,117,7,41,Normal,2,GOOD,1
1834,2021-04-30 07:05:01,120,7,46,Normal,2,GOOD,1
1835,2021-04-30 07:05:01,124,7,76,Laying on the ground,5,PERFECT,0
